0.000000000000000000e+00,0.000000000000000000e+00,0.000000000000000000e+00,0.000000000000000000e+00,2.061054376911179362e-02,7.816729670499317217e-02,6.464365483483443253e-02,3.029387166334137071e-01,-6.535158162890838396e-01,6.936463160894842384e-01,-2.853655149825451431e-02,4.970969036024531357e-02,8.618777264206216315e-02,7.613795571650235905e-01,6.378783033964902094e-01,-1.158120891237525985e-01,0.000000000000000000e+00,0.000000000000000000e+00,0.000000000000000000e+00,0.000000000000000000e+00,6.370653412696472451e+00,3.543298812678057796e+00
0.000000000000000000e+00,0.000000000000000000e+00,0.000000000000000000e+00,1.000000000000000021e-03,3.291034133257021710e-03,-3.127423246793890822e-04,-6.608588066586414643e-03,-8.950953678867357155e-01,2.456774571148480184e-03,-4.458679699713983258e-01,-4.416635482385941874e-04,-6.622247440697033604e-05,-6.179243343989607694e-03,-9.974134152560892863e-01,-8.440539730432215088e-03,7.138092431625722711e-02,0.000000000000000000e+00,0.000000000000000000e+00,0.000000000000000000e+00,0.000000000000000000e+00,9.059768891816814573e+01,8.667415418210678979e+01
0.000000000000000000e+00,0.000000000000000000e+00,0.000000000000000000e+00,2.000000000000000042e-03,1.930034997444621866e-03,-1.634033788894399581e-04,-7.427752618834040574e-03,-9.678712983692551175e-01,-2.852505503552902905e-03,-2.514299365735208069e-01,1.912625766153914011e-03,-3.303368809439037384e-04,-6.420783601175634667e-03,-9.584537176622515142e-01,-6.367488635305589527e-03,-2.851770085190744042e-01,0.000000000000000000e+00,0.000000000000000000e+00,0.000000000000000000e+00,0.000000000000000000e+00,9.692030710563730622e+01,9.461300329027849898e+01
0.000000000000000000e+00,0.000000000000000000e+00,0.000000000000000000e+00,3.000000000000000062e-03,1.483753934900790663e-03,-1.286049567912715815e-04,-4.984414637901818552e-03,-9.584602339645524882e-01,-5.228909786199963973e-03,-2.851782572551131989e-01,1.518953658290123770e-03,-2.664954231352505815e-04,-5.128745504775461539e-03,-9.585414390362944070e-01,1.395449030598421361e-02,-2.846112820155413670e-01,0.000000000000000000e+00,0.000000000000000000e+00,0.000000000000000000e+00,0.000000000000000000e+00,9.830794813603303339e+01,9.524301762118795978e+01
0.000000000000000000e+00,0.000000000000000000e+00,0.000000000000000000e+00,4.000000000000000083e-03,1.176847173772162421e-03,-1.466497154448448859e-04,-5.801384371683667926e-03,-9.800232929982236607e-01,2.499119091573487675e-03,-1.988670399656113086e-01,1.557030649059534680e-03,-2.862321690845497264e-04,-5.134654518503083999e-03,-9.569725256126170310e-01,-2.428858743762239616e-04,-2.901784386012530303e-01,0.000000000000000000e+00,0.000000000000000000e+00,0.000000000000000000e+00,0.000000000000000000e+00,9.847130398105029769e+01,9.538743500714362256e+01
0.000000000000000000e+00,0.000000000000000000e+00,0.000000000000000000e+00,5.000000000000000104e-03,1.651015764701822298e-03,-1.686966739210753836e-04,-5.479143930533942122e-03,-9.574892392182043910e-01,-1.754368994892733591e-03,-2.884636527723624111e-01,1.523902835435589137e-03,-2.202184404933791564e-04,-6.020545838618447665e-03,-9.693452103399256004e-01,6.833332699368989058e-03,-2.456077538581896424e-01,0.000000000000000000e+00,0.000000000000000000e+00,0.000000000000000000e+00,0.000000000000000000e+00,9.890748210913899641e+01,9.570254498655799580e+01
0.000000000000000000e+00,0.000000000000000000e+00,0.000000000000000000e+00,6.000000000000000125e-03,1.924275437849510585e-03,-1.608355597175437307e-04,-5.590917888636388368e-03,-9.456018608433238715e-01,-7.617807650294310465e-03,-3.252369747987554072e-01,2.112676640360788231e-03,-3.048317381681902921e-04,-4.891051826911073028e-03,-9.179876893446828889e-01,1.352083878191422594e-03,-3.966065734210620364e-01,0.000000000000000000e+00,0.000000000000000000e+00,0.000000000000000000e+00,0.000000000000000000e+00,9.876262171192206551e+01,9.529843156652989933e+01
0.000000000000000000e+00,0.000000000000000000e+00,0.000000000000000000e+00,7.000000000000000146e-03,1.756080050117679028e-03,-2.861377005137962773e-04,-5.517998408603488371e-03,-9.529371446461798456e-01,-2.071619076880756340e-03,-3.031608595250807614e-01,1.669045780772762276e-03,-2.257123542372209467e-04,-3.524190592953363888e-03,-9.037477992477804811e-01,8.176727725775066085e-04,-4.280645357490276415e-01,0.000000000000000000e+00,0.000000000000000000e+00,0.000000000000000000e+00,0.000000000000000000e+00,9.854128486158400335e+01,9.549838669939030922e+01
0.000000000000000000e+00,0.000000000000000000e+00,0.000000000000000000e+00,8.000000000000000167e-03,2.554222737705500942e-03,-3.330812959508669944e-04,-6.091439212526189063e-03,-9.223767753117846357e-01,-1.216506089209453204e-02,-3.860998519281319541e-01,2.251409185730723125e-03,-3.046052930779337225e-04,-5.356193858692701558e-03,-9.219374624980526400e-01,-3.560845765551170182e-03,-3.873223923556261550e-01,0.000000000000000000e+00,0.000000000000000000e+00,0.000000000000000000e+00,0.000000000000000000e+00,9.830689418261628987e+01,9.467868029253594386e+01
0.000000000000000000e+00,0.000000000000000000e+00,0.000000000000000000e+00,9.000000000000001055e-03,1.811327457968369987e-03,-2.271986229852070030e-04,-3.332113154799638648e-03,-8.787301538149300262e-01,-5.731505091379779197e-03,-4.772844713855428078e-01,2.171014874355075945e-03,-3.441696125822682408e-04,-6.049184511620340696e-03,-9.412652954523554882e-01,-2.772076530615133049e-03,-3.376565698586338482e-01,0.000000000000000000e+00,0.000000000000000000e+00,0.000000000000000000e+00,0.000000000000000000e+00,9.856533443435809261e+01,9.397278868380365680e+01
0.000000000000000000e+00,0.000000000000000000e+00,0.000000000000000000e+00,1.000000000000000021e-02,2.263327672418061209e-03,-1.741377761903498307e-04,-2.981428412953610486e-03,-7.968835633340544122e-01,-1.914938080007122512e-02,-6.038293531313244644e-01,2.210000221974337507e-03,-2.264452202856998963e-04,-4.049348350358339052e-03,-8.779081071143703952e-01,-6.140698251533144997e-03,-4.787897735831946888e-01,0.000000000000000000e+00,0.000000000000000000e+00,0.000000000000000000e+00,0.000000000000000000e+00,9.841442528470449247e+01,9.434225355818104219e+01
0.000000000000000000e+00,0.000000000000000000e+00,0.000000000000000000e+00,1.099999999999999936e-02,1.673218623476658293e-03,-2.344634759520099491e-04,-4.031920553253657766e-03,-9.237510536545419093e-01,-7.345788267211337055e-03,-3.829230082756285847e-01,2.137534229672086866e-03,-1.652847868880456881e-04,-3.400811272337330316e-03,-8.468662306410751350e-01,-1.331519341276176868e-02,-5.316392508310102683e-01,0.000000000000000000e+00,0.000000000000000000e+00,0.000000000000000000e+00,0.000000000000000000e+00,9.791921249047408082e+01,9.409113269433902360e+01
0.000000000000000000e+00,0.000000000000000000e+00,0.000000000000000000e+00,1.200000000000000025e-02,2.264971066465974389e-03,-3.755793789374287073e-04,-5.105248918445797444e-03,-9.143682383611189124e-01,-1.382022917160703572e-02,-4.046476565384116708e-01,2.258837745310359954e-03,-1.554329388392678823e-04,-2.637352566951781021e-03,-7.599915634860756608e-01,-2.459914745999100885e-02,-6.494672473452622885e-01,0.000000000000000000e+00,0.000000000000000000e+00,0.000000000000000000e+00,0.000000000000000000e+00,9.747259808911917389e+01,9.394345813188176919e+01
0.000000000000000000e+00,0.000000000000000000e+00,0.000000000000000000e+00,1.300000000000000114e-02,2.523380078629341734e-03,-3.179658762526818192e-04,-4.151893154198978489e-03,-8.551076392893957046e-01,-2.312396633473449287e-02,-5.179345590032267133e-01,2.307768778026554179e-03,-2.556849250536015364e-04,-3.448291833694187934e-03,-8.315557573298704153e-01,-1.883828841217913622e-02,-5.551217356051240115e-01,0.000000000000000000e+00,0.000000000000000000e+00,0.000000000000000000e+00,0.000000000000000000e+00,9.739816787537098719e+01,9.321004856732260180e+01
0.000000000000000000e+00,0.000000000000000000e+00,0.000000000000000000e+00,1.400000000000000029e-02,-2.883414054552559678e-04,-1.176778820531480964e-04,1.530458262435187289e-02,9.998097163175585500e-01,-5.217551174043623223e-03,1.879649745961908119e-02,-4.149284051260236118e-04,-1.499319560949225372e-04,1.549820912716982739e-02,9.994707841070780141e-01,-1.875666326038211151e-02,2.657704460091906903e-02,0.000000000000000000e+00,0.000000000000000000e+00,0.000000000000000000e+00,0.000000000000000000e+00,9.991323642016787687e+01,9.562191383355958862e+01
0.000000000000000000e+00,0.000000000000000000e+00,0.000000000000000000e+00,1.499999999999999944e-02,8.105433758757010830e-05,-1.196697960881314468e-04,1.613084183763972140e-02,9.999652522321496040e-01,-6.614520352413362850e-03,-5.073701686237215396e-03,-2.269031264103379053e-04,-2.211747384731018221e-04,1.637135484022229567e-02,9.996746806402801999e-01,-2.160013784175584400e-02,1.356344100775641257e-02,0.000000000000000000e+00,0.000000000000000000e+00,0.000000000000000000e+00,0.000000000000000000e+00,9.992167859969087829e+01,9.543544601212032319e+01
0.000000000000000000e+00,0.000000000000000000e+00,0.000000000000000000e+00,1.600000000000000033e-02,-1.045641573889550017e-04,1.817871646897855443e-05,1.660202440906381749e-02,9.999474616627682666e-01,-8.080733481807045315e-03,6.306794794715228636e-03,-2.578669140703234884e-04,-3.563629239565469474e-04,1.755915140700776977e-02,9.995929864322247171e-01,-2.475617486210773127e-02,1.417720994070506557e-02,0.000000000000000000e+00,0.000000000000000000e+00,0.000000000000000000e+00,0.000000000000000000e+00,9.993693340087128263e+01,9.514849269181124214e+01
0.000000000000000000e+00,0.000000000000000000e+00,0.000000000000000000e+00,1.700000000000000122e-02,-1.153784432407554110e-05,5.061938926259591608e-06,1.737029009806013297e-02,9.999727900062947983e-01,-7.346783151006508472e-03,6.663515279063536448e-04,-2.631280121031579996e-04,-2.608484892303683956e-04,1.825619069456713844e-02,9.996403579485152457e-01,-2.282229992142583916e-02,1.408181049655228556e-02,0.000000000000000000e+00,0.000000000000000000e+00,0.000000000000000000e+00,0.000000000000000000e+00,9.996004734231973998e+01,9.505715554472750739e+01
0.000000000000000000e+00,0.000000000000000000e+00,0.000000000000000000e+00,1.800000000000000211e-02,-6.249652680970341060e-05,-1.005252596179504598e-04,1.874726674827374012e-02,9.999465245148095871e-01,-9.807345153796035234e-03,3.280867535824920703e-03,-1.425991585967260921e-04,-3.794282345878721989e-04,1.858881204248616012e-02,9.996379473675395255e-01,-2.594243344771012677e-02,7.138930565798703824e-03,0.000000000000000000e+00,0.000000000000000000e+00,0.000000000000000000e+00,0.000000000000000000e+00,9.994830286304518552e+01,9.480196127756850899e+01
0.000000000000000000e+00,0.000000000000000000e+00,0.000000000000000000e+00,1.899999999999999953e-02,1.686357407795054935e-05,2.925279817195397671e-05,1.933166294352200998e-02,9.999819303478184596e-01,-5.949258104988334669e-03,-8.633109816352798433e-04,-1.756446237700276286e-04,-3.720504885709426720e-04,1.943740948827788265e-02,9.996807310631053989e-01,-2.376642895656378915e-02,8.578624352870111575e-03,0.000000000000000000e+00,0.000000000000000000e+00,0.000000000000000000e+00,0.000000000000000000e+00,9.996050423123350015e+01,9.454619314832582688e+01
0.000000000000000000e+00,0.000000000000000000e+00,0.000000000000000000e+00,2.000000000000000042e-02,-1.426421246301772525e-04,-1.029925921488168298e-04,2.073014961346843557e-02,9.999384184344140003e-01,-8.741516619358560489e-03,6.837048052793600304e-03,-2.854800519241742270e-04,-3.713287298624649868e-04,2.027933244500674734e-02,9.996462554281437818e-01,-2.282364668299678018e-02,1.365449232230453447e-02,0.000000000000000000e+00,0.000000000000000000e+00,0.000000000000000000e+00,0.000000000000000000e+00,9.995955281366445888e+01,9.429630939502692399e+01
0.000000000000000000e+00,0.000000000000000000e+00,0.000000000000000000e+00,2.100000000000000130e-02,-1.682355912231262062e-04,-9.459037986303582969e-05,2.169591794173697172e-02,9.999356439839190980e-01,-8.315534935344318784e-03,7.717497599873781970e-03,-1.182867057472053446e-04,-4.195052567274735653e-04,2.139080410732611959e-02,9.996623170090823685e-01,-2.549454406877112167e-02,5.027939414725782728e-03,0.000000000000000000e+00,0.000000000000000000e+00,0.000000000000000000e+00,0.000000000000000000e+00,9.996060731992325543e+01,9.413545458638611763e+01
0.000000000000000000e+00,0.000000000000000000e+00,0.000000000000000000e+00,2.199999999999999872e-02,-7.802067436279466926e-06,-1.697307337718494504e-06,2.230425714768953516e-02,9.999756781561933705e-01,-6.965709678495869348e-03,3.492631327679590007e-04,-6.885863718522367569e-05,-4.060674698360220575e-04,2.208676015569549858e-02,9.996341565277359065e-01,-2.691988919500246449e-02,2.621577542403311437e-03,0.000000000000000000e+00,0.000000000000000000e+00,0.000000000000000000e+00,0.000000000000000000e+00,9.996454889996651616e+01,9.379771237162066200e+01
0.000000000000000000e+00,0.000000000000000000e+00,0.000000000000000000e+00,2.299999999999999961e-02,-6.612537860050850941e-05,-1.081853245198168299e-04,2.356226168754893546e-02,9.999743604752225901e-01,-6.600912500377417898e-03,2.776030679211484008e-03,-3.267566001947996900e-05,-4.362696589094019009e-04,2.273699826546026273e-02,9.996420850465796981e-01,-2.673665634765652263e-02,9.235859862326930474e-04,0.000000000000000000e+00,0.000000000000000000e+00,0.000000000000000000e+00,0.000000000000000000e+00,9.997044659683290035e+01,9.363616138895478969e+01
0.000000000000000000e+00,0.000000000000000000e+00,0.000000000000000000e+00,2.400000000000000050e-02,-1.057482646025726726e-04,-3.228979644137742317e-05,2.435591613603331484e-02,9.999650426139585768e-01,-7.151641017251669091e-03,4.332156602021340966e-03,-2.182942354789294405e-04,-4.030158072952822758e-04,2.376005278830005743e-02,9.996138203109238285e-01,-2.637962610863335902e-02,8.736450639067703042e-03,0.000000000000000000e+00,0.000000000000000000e+00,0.000000000000000000e+00,0.000000000000000000e+00,9.997502401394724814e+01,9.334338645727540040e+01
0.000000000000000000e+00,0.000000000000000000e+00,0.000000000000000000e+00,2.500000000000000139e-02,-9.592746449613764382e-05,-6.302037189133432682e-05,2.511090511965496930e-02,9.999663623092867049e-01,-7.267784657341104515e-03,3.801783279850807443e-03,-2.716000328879703435e-05,-5.260218266476470329e-04,2.472422090433338063e-02,9.996058631890318846e-01,-2.806897532105316270e-02,5.009017234204000751e-04,0.000000000000000000e+00,0.000000000000000000e+00,0.000000000000000000e+00,0.000000000000000000e+00,9.997361315778583446e+01,9.303814690780409080e+01
0.000000000000000000e+00,0.000000000000000000e+00,0.000000000000000000e+00,2.600000000000000228e-02,-3.503745623356440634e-05,5.725986711258777536e-06,2.614084779313880641e-02,9.999873397336584979e-01,-4.849853082908667234e-03,1.341378945389227464e-03,-9.959318453729740998e-05,-5.012593684793588888e-04,2.570306463715951381e-02,9.996280911727509766e-01,-2.706449543816686482e-02,3.345508182591134996e-03,0.000000000000000000e+00,0.000000000000000000e+00,0.000000000000000000e+00,0.000000000000000000e+00,9.997882620557079747e+01,9.278106597473642125e+01
0.000000000000000000e+00,0.000000000000000000e+00,0.000000000000000000e+00,2.699999999999999969e-02,6.233372118791556714e-05,-1.001491769445014563e-04,2.711989718188413667e-02,9.999585801337100843e-01,-8.798021509392144404e-03,-2.330844159270981271e-03,-9.527991294119649728e-05,-5.393469425367574191e-04,2.636120207460910733e-02,9.996320166230941995e-01,-2.695288194427150619e-02,3.061616720643462516e-03,0.000000000000000000e+00,0.000000000000000000e+00,0.000000000000000000e+00,0.000000000000000000e+00,9.997437941525259930e+01,9.250145366435364735e+01
0.000000000000000000e+00,0.000000000000000000e+00,0.000000000000000000e+00,2.800000000000000058e-02,-3.661711606394182184e-05,-3.687138371113376915e-05,2.785009679132319574e-02,9.999766281447790561e-01,-6.711024369288026703e-03,1.305877526096159902e-03,-5.534665927147148904e-05,-5.053151352010674599e-04,2.719173855755568567e-02,9.996414682584741085e-01,-2.673143667009926158e-02,1.537930945965391809e-03,0.000000000000000000e+00,0.000000000000000000e+00,0.000000000000000000e+00,0.000000000000000000e+00,9.997665697450605649e+01,9.222436161013661149e+01
0.000000000000000000e+00,0.000000000000000000e+00,0.000000000000000000e+00,2.900000000000000147e-02,-5.508990145092010902e-05,-1.561239385848058296e-06,2.889280115002316324e-02,9.999634298570957425e-01,-8.336991508883173640e-03,1.906179690915988951e-03,6.615352836659388704e-05,-5.995690345898291480e-04,2.782694355158158231e-02,9.996478044878954750e-01,-2.637414338054738100e-02,-2.944748456606715182e-03,0.000000000000000000e+00,0.000000000000000000e+00,0.000000000000000000e+00,0.000000000000000000e+00,9.997931965520574238e+01,9.195416818633445644e+01
0.000000000000000000e+00,0.000000000000000000e+00,0.000000000000000000e+00,2.999999999999999889e-02,9.580340373329507731e-05,2.913650908376463238e-05,2.996964262781460359e-02,9.999812133332011133e-01,-5.233267930411517575e-03,-3.191533710826018142e-03,5.153722055736567012e-05,-6.808728403030468810e-04,2.892046184263364836e-02,9.996502303800716138e-01,-2.633723339436682895e-02,-2.401465844085608897e-03,0.000000000000000000e+00,0.000000000000000000e+00,0.000000000000000000e+00,0.000000000000000000e+00,9.997935356989677302e+01,9.163075811257202474e+01
0.000000000000000000e+00,0.000000000000000000e+00,0.000000000000000000e+00,3.099999999999999978e-02,4.118562186387967868e-06,5.316739181561004146e-05,3.097202436638735526e-02,9.999762894718583484e-01,-6.885188138707303875e-03,-1.211544002813322898e-04,1.308888520841554424e-04,-7.078025204621052682e-04,2.983529626721833153e-02,9.996225609812449120e-01,-2.700876731384220866e-02,-5.026138227705026149e-03,0.000000000000000000e+00,0.000000000000000000e+00,0.000000000000000000e+00,0.000000000000000000e+00,9.997957016110133566e+01,9.125261743401424042e+01
0.000000000000000000e+00,0.000000000000000000e+00,0.000000000000000000e+00,3.200000000000000067e-02,-8.252384682086818428e-05,-7.043857776813378373e-06,3.207042550099193506e-02,9.999786495133033970e-01,-6.007178519392383440e-03,2.571832767946682398e-03,1.143693029542176094e-04,-6.124628294517891862e-04,3.037050897987304127e-02,9.996205288743710282e-01,-2.720654387824373091e-02,-4.313029460130865175e-03,0.000000000000000000e+00,0.000000000000000000e+00,0.000000000000000000e+00,0.000000000000000000e+00,9.998243724019778256e+01,9.103471399717733448e+01
0.000000000000000000e+00,0.000000000000000000e+00,0.000000000000000000e+00,3.300000000000000155e-02,-1.634950744565087676e-05,-9.472794016830447176e-05,3.314011409063722519e-02,9.999594398862218236e-01,-8.994438197960738512e-03,4.676151585332919639e-04,9.823120638674874398e-05,-6.244850062138581313e-04,3.129427495838540962e-02,9.996097876053876563e-01,-2.768852686911142322e-02,-3.690257894773316810e-03,0.000000000000000000e+00,0.000000000000000000e+00,0.000000000000000000e+00,0.000000000000000000e+00,9.998146028800309182e+01,9.067563887693621894e+01
0.000000000000000000e+00,0.000000000000000000e+00,0.000000000000000000e+00,3.400000000000000244e-02,2.319239613237663068e-05,-9.595806162286228149e-05,3.417518111688197524e-02,9.999713514502985845e-01,-7.537014814617137501e-03,-6.997759266909393989e-04,2.108821892661305640e-04,-7.556852708881525932e-04,3.209725977763758925e-02,9.995636889706471795e-01,-2.863552999575810082e-02,-7.241416522567631180e-03,0.000000000000000000e+00,0.000000000000000000e+00,0.000000000000000000e+00,0.000000000000000000e+00,9.998387171707653920e+01,9.031615225534154945e+01
0.000000000000000000e+00,0.000000000000000000e+00,0.000000000000000000e+00,3.500000000000000333e-02,-1.691962529549230712e-05,4.695044937963677644e-06,3.507534533072952793e-02,9.999691194402927641e-01,-7.843881452186016526e-03,4.834144902643089576e-04,1.821825000229019068e-04,-7.123148638271405934e-04,3.327498605328910869e-02,9.996273222800811098e-01,-2.662141811205195191e-02,-6.042900699027626069e-03,0.000000000000000000e+00,0.000000000000000000e+00,0.000000000000000000e+00,0.000000000000000000e+00,9.998576587584024367e+01,8.995311789026587235e+01
0.000000000000000000e+00,0.000000000000000000e+00,0.000000000000000000e+00,3.600000000000000422e-02,1.099190290221340773e-04,7.361315836775933757e-05,3.593684995596317655e-02,9.999738401103553942e-01,-6.560955913006863947e-03,-3.045152287968915395e-03,1.702067401798442316e-04,-8.105957957378020400e-04,3.409925578614304842e-02,9.996521361186110344e-01,-2.577245758268181114e-02,-5.602426585584076649e-03,0.000000000000000000e+00,0.000000000000000000e+00,0.000000000000000000e+00,0.000000000000000000e+00,9.998634325477549112e+01,8.964781347994613725e+01
0.000000000000000000e+00,0.000000000000000000e+00,0.000000000000000000e+00,3.699999999999999817e-02,7.186376635134086562e-05,1.424602089288638825e-05,3.690674980899658758e-02,9.999761966975689864e-01,-6.620021677578389468e-03,-1.944569683341552989e-03,2.494449825253469764e-04,-8.056417226540531955e-04,3.496132162372101587e-02,9.996128001066713065e-01,-2.672487441189035431e-02,-7.747964285475993952e-03,0.000000000000000000e+00,0.000000000000000000e+00,0.000000000000000000e+00,0.000000000000000000e+00,9.998741188563515436e+01,8.923976169801846936e+01
0.000000000000000000e+00,0.000000000000000000e+00,0.000000000000000000e+00,3.799999999999999906e-02,-3.570107179592695021e-06,6.322000112787495526e-05,3.787483205800869918e-02,9.999780197913790136e-01,-6.629392197736722406e-03,1.053242660984054867e-04,2.485167363852155585e-04,-7.583096846006018819e-04,3.576279437879230361e-02,9.996219072936480821e-01,-2.645152628354480867e-02,-7.507277527850950150e-03,0.000000000000000000e+00,0.000000000000000000e+00,0.000000000000000000e+00,0.000000000000000000e+00,9.998680137124982537e+01,8.889151563100278963e+01
0.000000000000000000e+00,0.000000000000000000e+00,0.000000000000000000e+00,3.899999999999999994e-02,-1.867574564758305922e-05,1.657467620674311744e-05,3.897779071912017834e-02,9.999829758069322949e-01,-5.815165954511157358e-03,4.816027756970752858e-04,3.628232672166731244e-04,-8.805602324416621218e-04,3.680352163065094689e-02,9.995995612925840934e-01,-2.628340977822965843e-02,-1.048329309440001675e-02,0.000000000000000000e+00,0.000000000000000000e+00,0.000000000000000000e+00,0.000000000000000000e+00,9.998724430226714333e+01,8.845356178084806231e+01
0.000000000000000000e+00,0.000000000000000000e+00,0.000000000000000000e+00,4.000000000000000083e-02,6.957519078205222200e-05,5.898470215067637694e-06,3.995990874330890980e-02,9.999660240580189319e-01,-8.057515740556847952e-03,-1.739876342796839101e-03,3.647191042204066670e-04,-8.077107148254883016e-04,3.755496987402449915e-02,9.996337875652626659e-01,-2.504586664799805795e-02,-1.024672248956047527e-02,0.000000000000000000e+00,0.000000000000000000e+00,0.000000000000000000e+00,0.000000000000000000e+00,9.998659013101691073e+01,8.816885606956213906e+01
0.000000000000000000e+00,0.000000000000000000e+00,0.000000000000000000e+00,4.100000000000000172e-02,-6.737680364777673034e-06,-4.893254102049076205e-07,4.095286093565628227e-02,9.999723006130570857e-01,-7.441167221370131694e-03,1.644293568046233708e-04,2.910927350569043523e-04,-8.955100107400082443e-04,3.849811832051309307e-02,9.996631867537045801e-01,-2.464517141906991463e-02,-8.131947808036280728e-03,0.000000000000000000e+00,0.000000000000000000e+00,0.000000000000000000e+00,0.000000000000000000e+00,9.998959204119844912e+01,8.773508799114799217e+01
0.000000000000000000e+00,0.000000000000000000e+00,0.000000000000000000e+00,4.200000000000000261e-02,-9.684871593713449234e-05,-6.054775041683289219e-06,4.199246208693253185e-02,9.999723044236539238e-01,-7.076453988246682314e-03,2.305251526303344137e-03,2.688187915599805802e-04,-8.456824112705531478e-04,3.967296161778115920e-02,9.996857864282274742e-01,-2.398451910991054870e-02,-7.285002158039616607e-03,0.000000000000000000e+00,0.000000000000000000e+00,0.000000000000000000e+00,0.000000000000000000e+00,9.998910883268570160e+01,8.734878346429216833e+01
0.000000000000000000e+00,0.000000000000000000e+00,0.000000000000000000e+00,4.300000000000000350e-02,-1.174365388827171580e-05,2.132148697653011313e-05,4.297299541734343753e-02,9.999642945383324655e-01,-8.445866685639165025e-03,2.774605981369224141e-04,1.815873558099846197e-04,-9.681841393581399084e-04,4.051016117060594890e-02,9.997550518111948392e-01,-2.156082600834295995e-02,-4.996714904103628091e-03,0.000000000000000000e+00,0.000000000000000000e+00,0.000000000000000000e+00,0.000000000000000000e+00,9.998716453223434542e+01,8.700480875629759225e+01
0.000000000000000000e+00,0.000000000000000000e+00,0.000000000000000000e+00,4.399999999999999745e-02,-5.785728332049361062e-05,3.263453935972970957e-05,4.402192399735181672e-02,9.999722482282487057e-01,-7.332203731329951270e-03,1.319682455794780581e-03,2.705300127344719514e-04,-9.679320896342853611e-04,4.155819500605595351e-02,9.997176362072104361e-01,-2.269661088905031154e-02,-7.036455813753572826e-03,0.000000000000000000e+00,0.000000000000000000e+00,0.000000000000000000e+00,0.000000000000000000e+00,9.998852673433719929e+01,8.651790959020917171e+01
0.000000000000000000e+00,0.000000000000000000e+00,0.000000000000000000e+00,4.499999999999999833e-02,-3.935705002966787062e-05,4.194227185538935477e-05,4.499223079697214911e-02,9.999806515636422422e-01,-6.158024093250243254e-03,8.804757921798184086e-04,2.451189460332509301e-04,-9.301625379393272004e-04,4.255300697351602213e-02,9.997356484547097466e-01,-2.212836210985525895e-02,-6.242499433399777316e-03,0.000000000000000000e+00,0.000000000000000000e+00,0.000000000000000000e+00,0.000000000000000000e+00,9.999105866739512294e+01,8.618665187217875712e+01
0.000000000000000000e+00,0.000000000000000000e+00,0.000000000000000000e+00,4.599999999999999922e-02,9.487843077278005862e-06,2.391895376085265471e-05,4.594405276493693929e-02,9.999815640720020049e-01,-6.068786269437991508e-03,-2.033453424259714336e-04,3.190708529148680384e-04,-9.537412664733782228e-04,4.338585337794155505e-02,9.997557522953169906e-01,-2.067575644447448152e-02,-7.806974309747492791e-03,0.000000000000000000e+00,0.000000000000000000e+00,0.000000000000000000e+00,0.000000000000000000e+00,9.998917311522897933e+01,8.579222047575368038e+01
0.000000000000000000e+00,0.000000000000000000e+00,0.000000000000000000e+00,4.700000000000000011e-02,3.353714968531380032e-05,-6.108380285148643472e-06,4.697121678376320331e-02,9.999807501796236231e-01,-6.163469617211200964e-03,-7.147814175661309230e-04,3.234262686688186140e-04,-9.535925599259517009e-04,4.457959908658327280e-02,9.997832104543612486e-01,-1.935822489765209528e-02,-7.667543438577794496e-03,0.000000000000000000e+00,0.000000000000000000e+00,0.000000000000000000e+00,0.000000000000000000e+00,9.998921974543154079e+01,8.537724348129036400e+01
0.000000000000000000e+00,0.000000000000000000e+00,0.000000000000000000e+00,4.800000000000000100e-02,-4.651799563474510188e-05,-2.520830082167368260e-05,4.791756937299016667e-02,9.999755394289940869e-01,-6.927136107777554647e-03,9.671241061174131208e-04,3.369164039694510279e-04,-1.003640734849444403e-03,4.574757527568641680e-02,9.998020517513253047e-01,-1.831830948098692180e-02,-7.765104738454414908e-03,0.000000000000000000e+00,0.000000000000000000e+00,0.000000000000000000e+00,0.000000000000000000e+00,9.998940571192964910e+01,8.492747555587841646e+01
0.000000000000000000e+00,0.000000000000000000e+00,0.000000000000000000e+00,4.900000000000000189e-02,-1.243700192004834342e-05,-6.306043002627233175e-05,4.900177641505551462e-02,9.999791744350972067e-01,-6.449063853634533390e-03,2.455025726145788900e-04,3.557930938908562173e-04,-9.569660753777394901e-04,4.656342965345489082e-02,9.998060756317177500e-01,-1.799061515662483263e-02,-8.009300605551066335e-03,0.000000000000000000e+00,0.000000000000000000e+00,0.000000000000000000e+00,0.000000000000000000e+00,9.999048870472458361e+01,8.457121159565268442e+01
0.000000000000000000e+00,0.000000000000000000e+00,0.000000000000000000e+00,5.000000000000000278e-02,6.581146931470944713e-05,1.589372920726300176e-05,4.980354305737044046e-02,9.999695769739890272e-01,-7.688013787855276296e-03,-1.318927768767641897e-03,3.572623915564231991e-04,-1.104992618449804126e-03,4.773283110183073469e-02,9.998435823525139154e-01,-1.584875039139612210e-02,-7.850346458778863223e-03,0.000000000000000000e+00,0.000000000000000000e+00,0.000000000000000000e+00,0.000000000000000000e+00,9.999088240648626424e+01,8.418543449975081217e+01
0.000000000000000000e+00,0.000000000000000000e+00,0.000000000000000000e+00,5.100000000000000366e-02,7.019357700600200299e-05,-4.754464776617368525e-05,5.098209250807620579e-02,9.999690229327238278e-01,-7.748399021896406128e-03,-1.384011405689458685e-03,3.519106306857830956e-04,-1.064039296790717784e-03,4.872840328164138035e-02,9.998720548726115487e-01,-1.411332727473515146e-02,-7.529135279553096118e-03,0.000000000000000000e+00,0.000000000000000000e+00,0.000000000000000000e+00,0.000000000000000000e+00,9.998982345852236620e+01,8.377603360306441971e+01
0.000000000000000000e+00,0.000000000000000000e+00,0.000000000000000000e+00,5.200000000000000455e-02,-2.650550918348057401e-05,-5.772474573479668687e-05,5.198213950920196891e-02,9.999776704715547249e-01,-6.663787735341264451e-03,5.024851251203736949e-04,2.628725255895506007e-04,-1.102308501538596655e-03,4.985948097878226820e-02,9.998851939320099191e-01,-1.408644965515428935e-02,-5.583089795065017576e-03,0.000000000000000000e+00,0.000000000000000000e+00,0.000000000000000000e+00,0.000000000000000000e+00,9.999078754335603492e+01,8.341315319597832456e+01
0.000000000000000000e+00,0.000000000000000000e+00,0.000000000000000000e+00,5.299999999999999850e-02,1.129149636226304306e-05,9.956686388097605369e-06,5.297424071545270979e-02,9.999793744288163477e-01,-6.419174283063194993e-03,-2.119397958679756534e-04,3.531828264451286484e-04,-1.064186102414929570e-03,5.094745068507065128e-02,9.999067339998950477e-01,-1.162116198547963851e-02,-7.174391665519960770e-03,0.000000000000000000e+00,0.000000000000000000e+00,0.000000000000000000e+00,0.000000000000000000e+00,9.998998311605502920e+01,8.301917732610459666e+01
0.000000000000000000e+00,0.000000000000000000e+00,0.000000000000000000e+00,5.399999999999999939e-02,-1.442797486151403290e-05,2.280385719407829025e-05,5.396387394433756202e-02,9.999772827754892512e-01,-6.735051816535049356e-03,2.702035860662828533e-04,2.896062368276566931e-04,-9.986470860399068294e-04,5.195698728050424792e-02,9.999196149672254785e-01,-1.127988468443432042e-02,-5.790319965389533440e-03,0.000000000000000000e+00,0.000000000000000000e+00,0.000000000000000000e+00,0.000000000000000000e+00,9.999106763680806864e+01,8.257509035136416742e+01
0.000000000000000000e+00,0.000000000000000000e+00,0.000000000000000000e+00,5.500000000000000028e-02,1.004434221781725755e-04,4.767222959924130550e-06,5.493309021682551974e-02,9.999690998680547116e-01,-7.645825316360114511e-03,-1.827748424726808761e-03,3.366997246247319998e-04,-1.112727109763600323e-03,5.303935196205353253e-02,9.999362697714957449e-01,-9.201896796783164828e-03,-6.540756134229718487e-03,0.000000000000000000e+00,0.000000000000000000e+00,0.000000000000000000e+00,0.000000000000000000e+00,9.999095545901836601e+01,8.230418667538339150e+01
0.000000000000000000e+00,0.000000000000000000e+00,0.000000000000000000e+00,5.600000000000000117e-02,-7.645101591844858345e-05,-4.951296494606842905e-06,5.594561573431935247e-02,9.999737370178214402e-01,-7.117563243955631232e-03,1.365858001880291888e-03,3.165645637734468450e-04,-1.110498348369513919e-03,5.432015090036397542e-02,9.999518578118811174e-01,-7.774630422088200585e-03,-5.986416320934757548e-03,0.000000000000000000e+00,0.000000000000000000e+00,0.000000000000000000e+00,0.000000000000000000e+00,9.999157354855294955e+01,8.188034577009150894e+01
0.000000000000000000e+00,0.000000000000000000e+00,0.000000000000000000e+00,5.700000000000000205e-02,1.667811102405170268e-05,7.923776678556477171e-05,5.696730318883086452e-02,9.999774354591880465e-01,-6.711798808355259188e-03,-2.834241018558926462e-04,2.773352899807073882e-04,-1.078966442445747787e-03,5.550265836316894269e-02,9.999700631598941181e-01,-5.810743052700529862e-03,-5.109603621908794316e-03,0.000000000000000000e+00,0.000000000000000000e+00,0.000000000000000000e+00,0.000000000000000000e+00,9.999011877327919251e+01,8.149642347115192820e+01
0.000000000000000000e+00,0.000000000000000000e+00,0.000000000000000000e+00,5.800000000000000294e-02,1.489480864387136334e-05,7.173343014754295002e-05,5.790037822208375651e-02,9.999730455228102999e-01,-7.338027597061976687e-03,-2.481508016567126251e-04,1.706591825701706043e-04,-1.089825911108601754e-03,5.674248565691202700e-02,9.999893723578646698e-01,-3.436320697325020729e-03,-3.073576319070370558e-03,0.000000000000000000e+00,0.000000000000000000e+00,0.000000000000000000e+00,0.000000000000000000e+00,9.999226460497837365e+01,8.114668406739723139e+01
0.000000000000000000e+00,0.000000000000000000e+00,0.000000000000000000e+00,5.900000000000000383e-02,-2.895001489038936604e-05,-3.188834704087588508e-05,5.887471725004949502e-02,9.999831420347196076e-01,-5.785925658259426056e-03,4.885802359700674481e-04,1.698127768860016357e-04,-1.070728494463518048e-03,5.782690771453399131e-02,9.999946737874656488e-01,-1.370882905251138723e-03,-2.961938007507138471e-03,0.000000000000000000e+00,0.000000000000000000e+00,0.000000000000000000e+00,0.000000000000000000e+00,9.999116068470279117e+01,8.075929882389630166e+01
0.000000000000000000e+00,0.000000000000000000e+00,0.000000000000000000e+00,5.999999999999999778e-02,-2.623397354472584080e-05,-3.326627864956295359e-05,5.988782419287333458e-02,9.999783806390746266e-01,-6.561215817538565073e-03,4.343978012213862159e-04,1.974045736972833735e-04,-1.122204118186522111e-03,5.911887723513715998e-02,9.999943366447702209e-01,-3.621793405804512819e-04,-3.345968396622604930e-03,0.000000000000000000e+00,0.000000000000000000e+00,0.000000000000000000e+00,0.000000000000000000e+00,9.999139772530570269e+01,8.044363848234749526e+01
0.000000000000000000e+00,0.000000000000000000e+00,0.000000000000000000e+00,6.099999999999999867e-02,1.957408359278558929e-05,-2.787285106910614662e-05,6.089511661609244703e-02,9.999764956115172465e-01,-6.848567815254839181e-03,-3.245664632071472628e-04,1.001138679726057174e-04,-1.134273322363053447e-03,6.022980311379832336e-02,9.999977274723574894e-01,1.366397783850012339e-03,-1.636461798171406651e-03,0.000000000000000000e+00,0.000000000000000000e+00,0.000000000000000000e+00,0.000000000000000000e+00,9.999248685772042222e+01,8.014259823174042197e+01
0.000000000000000000e+00,0.000000000000000000e+00,0.000000000000000000e+00,6.199999999999999956e-02,4.482678097720305403e-05,-3.681961364047891259e-05,6.193721773060479469e-02,9.999739852511956295e-01,-7.176269746308721297e-03,-7.279926989183289248e-04,7.949954957942609530e-05,-1.038761156148301128e-03,6.143064945520600173e-02,9.999909625546962166e-01,4.071054977800958423e-03,-1.225283763050510118e-03,0.000000000000000000e+00,0.000000000000000000e+00,0.000000000000000000e+00,0.000000000000000000e+00,9.999249846459505875e+01,7.983500340999653133e+01
0.000000000000000000e+00,0.000000000000000000e+00,0.000000000000000000e+00,6.300000000000000044e-02,1.674903052049841264e-05,-9.674438022806543052e-05,6.293149721917168371e-02,9.999815415410543418e-01,-6.069653352670512959e-03,-2.754729662736866828e-04,9.659334112397460965e-05,-1.065432077164641484e-03,6.273571270641316311e-02,9.999850814151978184e-01,5.266287926389122236e-03,-1.450227056946512072e-03,0.000000000000000000e+00,0.000000000000000000e+00,0.000000000000000000e+00,0.000000000000000000e+00,9.999255918628915651e+01,7.945967351327472272e+01
0.000000000000000000e+00,0.000000000000000000e+00,0.000000000000000000e+00,6.400000000000000133e-02,1.834470655792525459e-07,7.915689038261809795e-05,6.393484705292509784e-02,9.999803412889887166e-01,-6.270327870749691120e-03,4.893985222527750690e-06,4.263454993061612614e-05,-1.157477514612041854e-03,6.389870686725701576e-02,9.999769561409820318e-01,6.766872740380965034e-03,-5.446286181834936700e-04,0.000000000000000000e+00,0.000000000000000000e+00,0.000000000000000000e+00,0.000000000000000000e+00,9.999211128042489349e+01,7.916173129132614861e+01
0.000000000000000000e+00,0.000000000000000000e+00,0.000000000000000000e+00,6.500000000000000222e-02,4.873529262918643975e-05,-4.882332477028288151e-05,6.494084318033239989e-02,9.999761868208610904e-01,-6.859654936714320445e-03,-7.555960293195069805e-04,5.776179667874877357e-06,-1.184157411616632623e-03,6.518489188905927934e-02,9.999526905516566977e-01,9.726710589399306661e-03,8.808866393240803521e-05,0.000000000000000000e+00,0.000000000000000000e+00,0.000000000000000000e+00,0.000000000000000000e+00,9.999239640515806116e+01,7.888155749565038377e+01
0.000000000000000000e+00,0.000000000000000000e+00,0.000000000000000000e+00,6.600000000000000311e-02,1.204696299181918010e-05,-2.029589435334524565e-06,6.594281195495038661e-02,9.999812442656303979e-01,-6.121901209240439116e-03,-1.828730324153925635e-04,-1.704364492584606392e-05,-1.140281523052923390e-03,6.648471793663930651e-02,9.999324396080454536e-01,1.161502031023742103e-02,4.555465893534583750e-04,0.000000000000000000e+00,0.000000000000000000e+00,0.000000000000000000e+00,0.000000000000000000e+00,9.999328553279340781e+01,7.860714979544430037e+01
0.000000000000000000e+00,0.000000000000000000e+00,0.000000000000000000e+00,6.700000000000000400e-02,-1.339221828664470380e-05,6.683358634197134290e-05,6.696370372505744406e-02,9.999823873832834886e-01,-5.931485889926574502e-03,2.059086359023791285e-04,-1.170408491972789201e-04,-1.077819734948125404e-03,6.762307813430944170e-02,9.999025392810479973e-01,1.382409955423535147e-02,1.950951262043719003e-03,0.000000000000000000e+00,0.000000000000000000e+00,0.000000000000000000e+00,0.000000000000000000e+00,9.999312450891943627e+01,7.836635211444364302e+01
0.000000000000000000e+00,0.000000000000000000e+00,0.000000000000000000e+00,6.800000000000000488e-02,1.937630292386867295e-05,-2.335037818921980722e-05,6.798014527142820507e-02,9.999704299434862831e-01,-7.684822074863532047e-03,-2.876600717633373723e-04,-1.897692356066778361e-04,-1.142515683273855878e-03,6.873104931026384479e-02,9.998688745784536369e-01,1.590855926325222477e-02,3.025126672424739097e-03,0.000000000000000000e+00,0.000000000000000000e+00,0.000000000000000000e+00,0.000000000000000000e+00,9.999389938627116692e+01,7.807512657744756268e+01
0.000000000000000000e+00,0.000000000000000000e+00,0.000000000000000000e+00,6.900000000000000577e-02,2.620832406360413440e-05,-6.657905124894738797e-05,6.894592902880693208e-02,9.999824160163270914e-01,-5.917667475042961284e-03,-3.858364993797101881e-04,-2.234530208361392139e-04,-1.212196606979629556e-03,6.998849292329002714e-02,9.998403803244665378e-01,1.752124927463642387e-02,3.495668245440955273e-03,0.000000000000000000e+00,0.000000000000000000e+00,0.000000000000000000e+00,0.000000000000000000e+00,9.999217665911054098e+01,7.785026929321536215e+01
0.000000000000000000e+00,0.000000000000000000e+00,0.000000000000000000e+00,7.000000000000000666e-02,3.206466555065583685e-05,-3.377018791684770850e-05,6.988837346056737954e-02,9.999737432947993776e-01,-7.231805969629548532e-03,-4.622806553508737462e-04,-2.125685211031127565e-04,-1.145348108293265223e-03,7.121312389067593895e-02,9.998070098039512077e-01,1.936699163651088226e-02,3.295873455250732022e-03,0.000000000000000000e+00,0.000000000000000000e+00,0.000000000000000000e+00,0.000000000000000000e+00,9.999315727025044964e+01,7.763904531478344495e+01
0.000000000000000000e+00,0.000000000000000000e+00,0.000000000000000000e+00,7.100000000000000755e-02,1.818656492443592709e-05,-5.169792117789646430e-05,7.093778090682530124e-02,9.999712748926197214e-01,-7.575011883351821795e-03,-2.618866088449250170e-04,-3.469141312217354422e-04,-1.139370694255449146e-03,7.234597310137740045e-02,9.997542030257828838e-01,2.156799981593564980e-02,5.133703947578545021e-03,0.000000000000000000e+00,0.000000000000000000e+00,0.000000000000000000e+00,0.000000000000000000e+00,9.999335779549932113e+01,7.739472041527290003e+01
0.000000000000000000e+00,0.000000000000000000e+00,0.000000000000000000e+00,7.200000000000000844e-02,8.044765296082455374e-05,-7.451094155412404528e-05,7.190734464616771460e-02,9.999770056100381055e-01,-6.687384665787186877e-03,-1.125672027557163019e-03,-3.593575264694916812e-04,-1.141127036960796429e-03,7.335508238542624848e-02,9.996916225473310158e-01,2.426593789008286289e-02,5.274852320135096397e-03,0.000000000000000000e+00,0.000000000000000000e+00,0.000000000000000000e+00,0.000000000000000000e+00,9.999291910551762896e+01,7.714651559678353010e+01
0.000000000000000000e+00,0.000000000000000000e+00,0.000000000000000000e+00,7.299999999999999545e-02,-2.293395997266660074e-05,-3.030232223408428353e-05,7.296321263865809814e-02,9.999775763478704338e-01,-6.689525107265721464e-03,3.115369614644603546e-04,-4.279507644608323853e-04,-1.142548815452503874e-03,7.452011775900883872e-02,9.996647063825114810e-01,2.515830069649697964e-02,6.126558514533441725e-03,0.000000000000000000e+00,0.000000000000000000e+00,0.000000000000000000e+00,0.000000000000000000e+00,9.999273457382940933e+01,7.693619205686130158e+01
0.000000000000000000e+00,0.000000000000000000e+00,0.000000000000000000e+00,7.399999999999999634e-02,-6.993425185714799604e-05,4.997514071602079402e-05,7.394174960550790876e-02,9.999819295090922600e-01,-5.936205939861623378e-03,9.497969849609584278e-04,-5.286931432004535582e-04,-1.295353119378896915e-03,7.566325154348325921e-02,9.995772812830208132e-01,2.809847755101450156e-02,7.465540982390423026e-03,0.000000000000000000e+00,0.000000000000000000e+00,0.000000000000000000e+00,0.000000000000000000e+00,9.999221963848231098e+01,7.671223378200639331e+01
0.000000000000000000e+00,0.000000000000000000e+00,0.000000000000000000e+00,7.499999999999999722e-02,3.707075479791779437e-06,3.307158936548619239e-05,7.496940653133092602e-02,9.999750964275145870e-01,-7.057221691019324901e-03,-4.633342830439218161e-05,-6.233050467331684380e-04,-1.235730851325318822e-03,7.661251664347779045e-02,9.995271497847870723e-01,2.951910410130225912e-02,8.608097127498354206e-03,0.000000000000000000e+00,0.000000000000000000e+00,0.000000000000000000e+00,0.000000000000000000e+00,9.999409003736002433e+01,7.649267341371248108e+01
0.000000000000000000e+00,0.000000000000000000e+00,0.000000000000000000e+00,7.599999999999999811e-02,-6.251373080467308662e-05,-2.881128506776824862e-05,7.598495426654809648e-02,9.999781319314170469e-01,-6.562234486882438135e-03,8.202057623541241221e-04,-6.138368014462916925e-04,-1.256276807163147699e-03,7.761416551832067690e-02,9.994920787756149672e-01,3.074059974567870321e-02,8.402380143498073758e-03,0.000000000000000000e+00,0.000000000000000000e+00,0.000000000000000000e+00,0.000000000000000000e+00,9.999405944710029814e+01,7.627139007675116034e+01
0.000000000000000000e+00,0.000000000000000000e+00,0.000000000000000000e+00,7.699999999999999900e-02,-1.308230890183186945e-05,-3.569656732709235994e-05,7.696243493097523758e-02,9.999802812942808483e-01,-6.277667631838336655e-03,1.670679957291801982e-04,-7.093525273394515190e-04,-1.281941431102438453e-03,7.865865441514083289e-02,9.994252878325152745e-01,3.252728653138675652e-02,9.543043109982182401e-03,0.000000000000000000e+00,0.000000000000000000e+00,0.000000000000000000e+00,0.000000000000000000e+00,9.999328839348584097e+01,7.611396624317869453e+01
0.000000000000000000e+00,0.000000000000000000e+00,0.000000000000000000e+00,7.799999999999999989e-02,1.376511691704259389e-05,-1.347086215177184743e-06,7.794383105067123618e-02,9.999773118640947756e-01,-6.733834622606934064e-03,-1.767154049566827478e-04,-7.526763084816127328e-04,-1.271436535107880236e-03,7.965241582212642668e-02,9.993843893211137308e-01,3.363377308142039002e-02,9.980565593803095506e-03,0.000000000000000000e+00,0.000000000000000000e+00,0.000000000000000000e+00,0.000000000000000000e+00,9.999437336535004306e+01,7.594712224150495672e+01
0.000000000000000000e+00,0.000000000000000000e+00,0.000000000000000000e+00,7.900000000000000078e-02,5.770290688218770548e-06,-7.380904405051315331e-05,7.900509541531344770e-02,9.999780941067246687e-01,-6.618536930288527152e-03,-7.921858882371896299e-05,-8.818953015689254835e-04,-1.276899622242573182e-03,8.067106909270002624e-02,9.992395379770870889e-01,3.725303826880538988e-02,1.151333501120998040e-02,0.000000000000000000e+00,0.000000000000000000e+00,0.000000000000000000e+00,0.000000000000000000e+00,9.999427051146835765e+01,7.572248812800074802e+01
0.000000000000000000e+00,0.000000000000000000e+00,0.000000000000000000e+00,8.000000000000000167e-02,-2.424620751583990801e-05,3.368699553408287332e-05,7.993822260892784193e-02,9.999798598630359470e-01,-6.339262282323885646e-03,3.059771545553724350e-04,-9.491388352310180070e-04,-1.302789078026382824e-03,8.150821901110268108e-02,9.992256439723687933e-01,3.739593936208895214e-02,1.223340292934803515e-02,0.000000000000000000e+00,0.000000000000000000e+00,0.000000000000000000e+00,0.000000000000000000e+00,9.999401026205572407e+01,7.556026585253346184e+01
0.000000000000000000e+00,0.000000000000000000e+00,0.000000000000000000e+00,8.100000000000000255e-02,3.014360179499292681e-05,1.113845632375498780e-05,8.098666487181420404e-02,9.999731561360036824e-01,-7.317733720991211922e-03,-3.711880766344299192e-04,-9.278931448056472377e-04,-1.264781640878697095e-03,8.245922547308376371e-02,9.991804518164102422e-01,3.870793739644465270e-02,1.183724167477386534e-02,0.000000000000000000e+00,0.000000000000000000e+00,0.000000000000000000e+00,0.000000000000000000e+00,9.999337343932720046e+01,7.539713883726204813e+01
0.000000000000000000e+00,0.000000000000000000e+00,0.000000000000000000e+00,8.200000000000000344e-02,3.187113261171874590e-05,-1.483815915694082506e-05,8.196790728669936521e-02,9.999753268243055659e-01,-7.013813272975749462e-03,-3.900846000065454392e-04,-1.068811128746860201e-03,-1.228870165045727481e-03,8.335406224980257406e-02,9.991199892394629911e-01,3.974621171021404387e-02,1.339722944576105315e-02,0.000000000000000000e+00,0.000000000000000000e+00,0.000000000000000000e+00,0.000000000000000000e+00,9.999358205346649697e+01,7.519421097009718835e+01
0.000000000000000000e+00,0.000000000000000000e+00,0.000000000000000000e+00,8.300000000000000433e-02,-3.771688225026495982e-05,-3.368065520029914938e-05,8.294965177495552955e-02,9.999822106757152440e-01,-5.947586165014949987e-03,4.522730583040812332e-04,-1.059018869676492608e-03,-1.270315663399805301e-03,8.424799312856520728e-02,9.990782927008834413e-01,4.085331281706555684e-02,1.317466833582486840e-02,0.000000000000000000e+00,0.000000000000000000e+00,0.000000000000000000e+00,0.000000000000000000e+00,9.999436817784248888e+01,7.504949385155416053e+01
0.000000000000000000e+00,0.000000000000000000e+00,0.000000000000000000e+00,8.400000000000000522e-02,3.894053681077564377e-05,1.660054238226486078e-05,8.399187031582983076e-02,9.999741677693463338e-01,-7.172877498190456148e-03,-4.621930323370717253e-04,-1.049838267727715851e-03,-1.296878536170680994e-03,8.507007145314587904e-02,9.990363825651108476e-01,4.193008892186968206e-02,1.296819009043896111e-02,0.000000000000000000e+00,0.000000000000000000e+00,0.000000000000000000e+00,0.000000000000000000e+00,9.999492123519243592e+01,7.492258693558071059e+01
0.000000000000000000e+00,0.000000000000000000e+00,0.000000000000000000e+00,8.500000000000000611e-02,3.847898524110066531e-05,4.084108154160741414e-05,8.493580009413084775e-02,9.999725894486287681e-01,-7.390421373947501753e-03,-4.494700428633127708e-04,-1.169741236881346102e-03,-1.331253955127364910e-03,8.601511047397777943e-02,9.989795719236994609e-01,4.285778646175791851e-02,1.424868480738889463e-02,0.000000000000000000e+00,0.000000000000000000e+00,0.000000000000000000e+00,0.000000000000000000e+00,9.999549846401328068e+01,7.468478881047802531e+01
0.000000000000000000e+00,0.000000000000000000e+00,0.000000000000000000e+00,8.600000000000000699e-02,-8.072512796539255185e-05,-6.258592706008254445e-06,8.595421535595300366e-02,9.999763336961305926e-01,-6.815496440639795366e-03,9.386457865918411371e-04,-1.079069303144966803e-03,-1.352175357440882396e-03,8.685766633134099635e-02,9.989749987112102048e-01,4.333275253109956926e-02,1.308527829340357107e-02,0.000000000000000000e+00,0.000000000000000000e+00,0.000000000000000000e+00,0.000000000000000000e+00,9.999417473007923718e+01,7.458339150809823082e+01
0.000000000000000000e+00,0.000000000000000000e+00,0.000000000000000000e+00,8.700000000000000788e-02,3.836918821652145106e-06,2.069723226873222734e-05,8.697995713434203413e-02,9.999792893316123976e-01,-6.435766835230491423e-03,-4.258034744443840914e-05,-1.127159528895620632e-03,-1.380846588787994949e-03,8.760766170483069715e-02,9.989428916498027666e-01,4.392765091788734116e-02,1.354476678155222026e-02,0.000000000000000000e+00,0.000000000000000000e+00,0.000000000000000000e+00,0.000000000000000000e+00,9.999415172295475429e+01,7.441704560754354247e+01
0.000000000000000000e+00,0.000000000000000000e+00,0.000000000000000000e+00,8.799999999999999489e-02,3.251704227555273543e-05,-1.179725111619867224e-05,8.798153755528252684e-02,9.999726215756662429e-01,-7.390451731149972302e-03,-3.705702347452120089e-04,-1.167696079407977341e-03,-1.443881590255365142e-03,8.851449744688208443e-02,9.988704015300773342e-01,4.543346675097156145e-02,1.391837081451956573e-02,0.000000000000000000e+00,0.000000000000000000e+00,0.000000000000000000e+00,0.000000000000000000e+00,9.999430314048962032e+01,7.428314554348428089e+01
0.000000000000000000e+00,0.000000000000000000e+00,0.000000000000000000e+00,8.899999999999999578e-02,4.812644722071771335e-05,-9.183354618529741549e-06,8.894535709910329768e-02,9.999720185952253315e-01,-7.461128768814937959e-03,-5.418340016641751350e-04,-1.224277857043067118e-03,-1.455406846247699754e-03,8.939822770008307162e-02,9.988564149942400494e-01,4.558392311858684709e-02,1.442110182937431442e-02,0.000000000000000000e+00,0.000000000000000000e+00,0.000000000000000000e+00,0.000000000000000000e+00,9.999501751113055548e+01,7.412622477535167320e+01
0.000000000000000000e+00,0.000000000000000000e+00,0.000000000000000000e+00,0.000000000000000000e+00,0.000000000000000000e+00,0.000000000000000000e+00,0.000000000000000000e+00,0.000000000000000000e+00,0.000000000000000000e+00,0.000000000000000000e+00,0.000000000000000000e+00,0.000000000000000000e+00,0.000000000000000000e+00,0.000000000000000000e+00,0.000000000000000000e+00,0.000000000000000000e+00,0.000000000000000000e+00,0.000000000000000000e+00,0.000000000000000000e+00,0.000000000000000000e+00,0.000000000000000000e+00,0.000000000000000000e+00
