0.000000000000000000e+00,0.000000000000000000e+00,0.000000000000000000e+00,0.000000000000000000e+00,1.015830000000000066e-01,-7.413999999999999584e-03,1.842699999999999894e-02,-1.139450000000000046e-01,-9.639910000000000423e-01,2.402849999999999986e-01,3.011700000000000141e-02,7.595999999999999974e-02,5.651599999999999679e-02,9.383430000000000382e-01,-3.435840000000000005e-01,-3.824600000000000222e-02,0.000000000000000000e+00,0.000000000000000000e+00,0.000000000000000000e+00,3.011700000000000141e-02,4.724167999999999701e+00,4.334831999999999574e+00
0.000000000000000000e+00,1.000000000000000021e-03,0.000000000000000000e+00,0.000000000000000000e+00,6.368000000000000396e-03,3.376000000000000095e-03,-2.000000000000000096e-04,-4.689470000000000027e-01,8.826640000000000041e-01,-3.150200000000000222e-02,2.984000000000000107e-03,3.076999999999999874e-03,-3.269999999999999795e-04,-7.192579999999999529e-01,6.939499999999999558e-01,-3.317599999999999716e-02,0.000000000000000000e+00,0.000000000000000000e+00,0.000000000000000000e+00,2.984000000000000107e-03,9.535930799999999863e+01,8.893975000000000364e+01
0.000000000000000000e+00,2.000000000000000042e-03,0.000000000000000000e+00,0.000000000000000000e+00,5.699000000000000073e-03,3.369000000000000033e-03,-1.840000000000000001e-04,-5.093039999999999790e-01,8.603110000000000479e-01,-2.178000000000000075e-02,4.304999999999999799e-03,2.748000000000000009e-03,-1.369999999999999961e-04,-5.385510000000000019e-01,8.417630000000000390e-01,-3.739499999999999769e-02,0.000000000000000000e+00,0.000000000000000000e+00,0.000000000000000000e+00,4.304999999999999799e-03,9.888606699999999705e+01,9.140053500000000497e+01
0.000000000000000000e+00,3.000000000000000062e-03,0.000000000000000000e+00,0.000000000000000000e+00,5.180999999999999842e-03,2.919999999999999853e-03,-1.789999999999999870e-04,-4.915559999999999929e-01,8.703499999999999570e-01,-2.938699999999999993e-02,4.968000000000000194e-03,3.363000000000000104e-03,-2.799999999999999755e-04,-5.615879999999999761e-01,8.266160000000000174e-01,-3.641199999999999992e-02,0.000000000000000000e+00,0.000000000000000000e+00,0.000000000000000000e+00,4.968000000000000194e-03,9.945010100000000364e+01,9.149398700000000417e+01
0.000000000000000000e+00,4.000000000000000083e-03,0.000000000000000000e+00,0.000000000000000000e+00,6.997999999999999880e-03,2.719000000000000063e-03,-2.719999999999999979e-04,-3.627500000000000169e-01,9.317149999999999599e-01,-1.790100000000000025e-02,5.191000000000000301e-03,2.801000000000000104e-03,-2.090000000000000115e-04,-4.758270000000000000e-01,8.780689999999999884e-01,-5.082799999999999818e-02,0.000000000000000000e+00,0.000000000000000000e+00,0.000000000000000000e+00,5.191000000000000301e-03,9.961043300000000045e+01,9.156164499999999862e+01
0.000000000000000000e+00,5.000000000000000104e-03,0.000000000000000000e+00,0.000000000000000000e+00,7.072000000000000161e-03,2.736999999999999850e-03,-1.379999999999999933e-04,-3.613259999999999805e-01,9.319770000000000554e-01,-2.935400000000000162e-02,4.827999999999999826e-03,2.043999999999999810e-03,-1.740000000000000010e-04,-3.910029999999999895e-01,9.185980000000000256e-01,-5.738900000000000251e-02,0.000000000000000000e+00,0.000000000000000000e+00,0.000000000000000000e+00,4.827999999999999826e-03,9.976753899999999931e+01,9.189572400000000130e+01
0.000000000000000000e+00,6.000000000000000125e-03,0.000000000000000000e+00,0.000000000000000000e+00,7.263999999999999624e-03,2.559000000000000077e-03,-1.069999999999999988e-04,-3.325179999999999803e-01,9.424420000000000019e-01,-3.515399999999999775e-02,7.198999999999999670e-03,2.965000000000000187e-03,-1.659999999999999963e-04,-3.813380000000000103e-01,9.226560000000000317e-01,-5.732500000000000095e-02,0.000000000000000000e+00,0.000000000000000000e+00,0.000000000000000000e+00,7.198999999999999670e-03,9.982449800000000550e+01,9.167692800000000375e+01
0.000000000000000000e+00,7.000000000000000146e-03,0.000000000000000000e+00,0.000000000000000000e+00,7.879999999999999852e-03,3.511999999999999931e-03,-1.250000000000000026e-04,-4.072720000000000229e-01,9.124390000000000001e-01,-3.979699999999999904e-02,5.598999999999999810e-03,2.124000000000000020e-03,-2.300000000000000002e-05,-3.542830000000000146e-01,9.330300000000000260e-01,-6.275300000000000322e-02,0.000000000000000000e+00,0.000000000000000000e+00,0.000000000000000000e+00,5.598999999999999810e-03,9.983448500000000081e+01,9.175825700000000040e+01
0.000000000000000000e+00,8.000000000000000167e-03,0.000000000000000000e+00,0.000000000000000000e+00,8.963999999999999746e-03,3.053000000000000158e-03,-1.910000000000000077e-04,-3.228380000000000138e-01,9.457809999999999828e-01,-3.567900000000000238e-02,7.328999999999999578e-03,2.213999999999999822e-03,-1.599999999999999928e-05,-2.888049999999999784e-01,9.554540000000000255e-01,-6.082499999999999712e-02,0.000000000000000000e+00,0.000000000000000000e+00,0.000000000000000000e+00,7.328999999999999578e-03,9.986321300000000178e+01,9.166228599999999460e+01
0.000000000000000000e+00,8.999999999999999320e-03,0.000000000000000000e+00,0.000000000000000000e+00,9.138000000000000289e-03,3.327999999999999795e-03,-6.099999999999999872e-05,-3.421739999999999782e-01,9.388429999999999831e-01,-3.860700000000000243e-02,7.972999999999999185e-03,1.714999999999999945e-03,-4.199999999999999768e-05,-2.102350000000000052e-01,9.757270000000000110e-01,-6.130000000000000032e-02,0.000000000000000000e+00,0.000000000000000000e+00,0.000000000000000000e+00,7.972999999999999185e-03,9.989051000000000613e+01,9.175902299999999912e+01
0.000000000000000000e+00,1.000000000000000021e-02,0.000000000000000000e+00,0.000000000000000000e+00,9.832000000000000461e-03,1.735999999999999913e-03,-6.799999999999999946e-05,-1.740049999999999930e-01,9.841269999999999740e-01,-3.486899999999999722e-02,5.799000000000000335e-03,2.979999999999999793e-04,1.259999999999999998e-04,-4.981700000000000017e-02,9.967899999999999539e-01,-6.267200000000000548e-02,0.000000000000000000e+00,0.000000000000000000e+00,0.000000000000000000e+00,5.799000000000000335e-03,9.992946899999999744e+01,9.178652200000000505e+01
0.000000000000000000e+00,1.099999999999999936e-02,0.000000000000000000e+00,0.000000000000000000e+00,1.094599999999999913e-02,1.064999999999999974e-03,-3.999999999999999819e-06,-9.680999999999999328e-02,9.947869999999999768e-01,-3.203899999999999804e-02,7.302000000000000331e-03,1.124999999999999915e-03,1.779999999999999898e-04,-1.504409999999999914e-01,9.865960000000000285e-01,-6.321300000000000530e-02,0.000000000000000000e+00,0.000000000000000000e+00,0.000000000000000000e+00,7.302000000000000331e-03,9.996052899999999397e+01,9.157940499999999417e+01
0.000000000000000000e+00,1.200000000000000025e-02,0.000000000000000000e+00,0.000000000000000000e+00,1.214299999999999928e-02,2.494000000000000123e-03,-1.299999999999999886e-04,-2.014160000000000117e-01,9.788559999999999484e-01,-3.566600000000000326e-02,8.524000000000000327e-03,1.699999999999999987e-05,2.860000000000000129e-04,-6.000000000000000152e-06,9.983109999999999484e-01,-5.810099999999999987e-02,0.000000000000000000e+00,0.000000000000000000e+00,0.000000000000000000e+00,8.524000000000000327e-03,9.993253099999999733e+01,9.164157799999999554e+01
0.000000000000000000e+00,1.299999999999999940e-02,0.000000000000000000e+00,0.000000000000000000e+00,1.305000000000000084e-02,2.033000000000000085e-03,-5.300000000000000078e-05,-1.539580000000000115e-01,9.874899999999999789e-01,-3.405099999999999794e-02,1.142400000000000013e-02,-2.460000000000000164e-04,3.690000000000000246e-04,2.334500000000000117e-02,9.981499999999999817e-01,-5.613900000000000140e-02,0.000000000000000000e+00,0.000000000000000000e+00,0.000000000000000000e+00,1.142400000000000013e-02,9.995385299999999518e+01,9.159524100000000146e+01
0.000000000000000000e+00,1.400000000000000029e-02,0.000000000000000000e+00,0.000000000000000000e+00,1.422200000000000027e-02,2.080999999999999951e-03,-3.499999999999999693e-05,-1.447450000000000125e-01,9.888679999999999692e-01,-3.448199999999999876e-02,1.192200000000000031e-02,6.790000000000000245e-04,3.130000000000000187e-04,-5.510799999999999726e-02,9.964600000000000124e-01,-6.348299999999999776e-02,0.000000000000000000e+00,0.000000000000000000e+00,0.000000000000000000e+00,1.192200000000000031e-02,9.994511799999999369e+01,9.156093300000000568e+01
0.000000000000000000e+00,1.499999999999999944e-02,0.000000000000000000e+00,0.000000000000000000e+00,1.475500000000000075e-02,9.120000000000000502e-04,2.900000000000000017e-05,-6.160600000000000104e-02,9.976260000000000128e-01,-3.077099999999999974e-02,1.308600000000000041e-02,2.173000000000000018e-03,2.469999999999999865e-04,-1.620640000000000136e-01,9.840959999999999708e-01,-7.273200000000000498e-02,0.000000000000000000e+00,0.000000000000000000e+00,0.000000000000000000e+00,1.308600000000000041e-02,9.997308599999999501e+01,9.149434800000000223e+01
0.000000000000000000e+00,1.600000000000000033e-02,0.000000000000000000e+00,0.000000000000000000e+00,1.591899999999999912e-02,1.296000000000000060e-03,-1.000000000000000048e-04,-8.131700000000000039e-02,9.961440000000000294e-01,-3.293900000000000300e-02,1.417799999999999963e-02,1.095999999999999969e-03,3.660000000000000059e-04,-7.515499999999999958e-02,9.947970000000000423e-01,-6.877400000000000180e-02,0.000000000000000000e+00,0.000000000000000000e+00,0.000000000000000000e+00,1.417799999999999963e-02,9.997406300000000101e+01,9.148618999999999346e+01
0.000000000000000000e+00,1.700000000000000122e-02,0.000000000000000000e+00,0.000000000000000000e+00,1.682600000000000068e-02,8.440000000000000236e-04,-1.800000000000000046e-05,-5.013299999999999701e-02,9.983049999999999979e-01,-2.955500000000000141e-02,1.528499999999999998e-02,-1.420000000000000092e-04,5.550000000000000462e-04,1.155699999999999956e-02,9.979970000000000230e-01,-6.220400000000000235e-02,0.000000000000000000e+00,0.000000000000000000e+00,0.000000000000000000e+00,1.528499999999999998e-02,9.998262300000000380e+01,9.143540600000000040e+01
0.000000000000000000e+00,1.799999999999999864e-02,0.000000000000000000e+00,0.000000000000000000e+00,1.783300000000000163e-02,7.519999999999999558e-04,-5.899999999999999754e-05,-4.219300000000000134e-02,9.986390000000000544e-01,-3.066599999999999882e-02,1.640600000000000044e-02,-5.980000000000000072e-04,6.109999999999999980e-04,3.865099999999999786e-02,9.973699999999999788e-01,-6.130499999999999838e-02,0.000000000000000000e+00,0.000000000000000000e+00,0.000000000000000000e+00,1.640600000000000044e-02,9.998359299999999905e+01,9.138525500000000079e+01
0.000000000000000000e+00,1.899999999999999953e-02,0.000000000000000000e+00,0.000000000000000000e+00,1.883400000000000005e-02,6.319999999999999663e-04,4.800000000000000122e-05,-3.345299999999999663e-02,9.989710000000000534e-01,-3.063400000000000151e-02,1.760199999999999959e-02,-7.699999999999999597e-04,5.929999999999999941e-04,4.567299999999999832e-02,9.970630000000000326e-01,-6.147299999999999986e-02,0.000000000000000000e+00,0.000000000000000000e+00,0.000000000000000000e+00,1.760199999999999959e-02,9.998498100000000477e+01,9.132346699999999373e+01
0.000000000000000000e+00,2.000000000000000042e-02,0.000000000000000000e+00,0.000000000000000000e+00,1.994200000000000139e-02,3.089999999999999756e-04,-3.699999999999999811e-05,-1.553799999999999973e-02,9.994819999999999816e-01,-2.816799999999999859e-02,1.851399999999999921e-02,-1.949999999999999965e-04,6.989999999999999686e-04,1.295600000000000050e-02,9.978580000000000227e-01,-6.412600000000000244e-02,0.000000000000000000e+00,0.000000000000000000e+00,0.000000000000000000e+00,1.851399999999999921e-02,9.998774500000000387e+01,9.136342399999999486e+01
0.000000000000000000e+00,2.100000000000000130e-02,0.000000000000000000e+00,0.000000000000000000e+00,2.080299999999999858e-02,8.170000000000000179e-04,-8.799999999999999771e-05,-3.936400000000000315e-02,9.988080000000000291e-01,-2.885599999999999971e-02,1.980600000000000069e-02,-1.217999999999999899e-03,7.550000000000000287e-04,6.362800000000000400e-02,9.960590000000000277e-01,-6.178299999999999764e-02,0.000000000000000000e+00,0.000000000000000000e+00,0.000000000000000000e+00,1.980600000000000069e-02,9.998488399999999388e+01,9.130283199999999511e+01
0.000000000000000000e+00,2.199999999999999872e-02,0.000000000000000000e+00,0.000000000000000000e+00,2.188599999999999920e-02,6.620000000000000450e-04,-7.399999999999999623e-05,-3.033299999999999885e-02,9.991120000000000001e-01,-2.925300000000000122e-02,2.079500000000000098e-02,-9.370000000000000074e-04,8.829999999999999958e-04,4.769500000000000128e-02,9.967200000000000504e-01,-6.538599999999999968e-02,0.000000000000000000e+00,0.000000000000000000e+00,0.000000000000000000e+00,2.079500000000000098e-02,9.998745200000000466e+01,9.127876000000000545e+01
0.000000000000000000e+00,2.299999999999999961e-02,0.000000000000000000e+00,0.000000000000000000e+00,2.264000000000000040e-02,1.314999999999999980e-03,4.600000000000000004e-05,-5.791899999999999826e-02,9.978690000000000060e-01,-3.006400000000000045e-02,2.186600000000000002e-02,-1.092000000000000089e-03,8.580000000000000387e-04,5.232300000000000145e-02,9.965330000000000021e-01,-6.468799999999999550e-02,0.000000000000000000e+00,0.000000000000000000e+00,0.000000000000000000e+00,2.186600000000000002e-02,9.998066000000000031e+01,9.124673500000000104e+01
0.000000000000000000e+00,2.400000000000000050e-02,0.000000000000000000e+00,0.000000000000000000e+00,2.399000000000000091e-02,3.600000000000000227e-04,-7.700000000000000139e-05,-1.508299999999999919e-02,9.995009999999999728e-01,-2.776599999999999902e-02,2.318999999999999881e-02,-1.624999999999999925e-03,9.460000000000000093e-04,7.241300000000000514e-02,9.951969999999999983e-01,-6.586999999999999800e-02,0.000000000000000000e+00,0.000000000000000000e+00,0.000000000000000000e+00,2.318999999999999881e-02,9.999294799999999839e+01,9.117862599999999418e+01
0.000000000000000000e+00,2.500000000000000139e-02,0.000000000000000000e+00,0.000000000000000000e+00,2.502300000000000010e-02,2.310000000000000042e-04,-5.300000000000000078e-05,-9.291000000000000647e-03,9.995570000000000288e-01,-2.826299999999999993e-02,2.428699999999999956e-02,-2.026000000000000023e-03,1.074000000000000085e-03,8.579100000000000614e-02,9.942229999999999679e-01,-6.449699999999999878e-02,0.000000000000000000e+00,0.000000000000000000e+00,0.000000000000000000e+00,2.428699999999999956e-02,9.999417599999999595e+01,9.118434299999999837e+01
0.000000000000000000e+00,2.599999999999999881e-02,0.000000000000000000e+00,0.000000000000000000e+00,2.609099999999999961e-02,3.840000000000000097e-04,-5.700000000000000314e-05,-1.477599999999999920e-02,9.994769999999999488e-01,-2.875899999999999984e-02,2.531699999999999923e-02,-1.768999999999999956e-03,1.034999999999999896e-03,7.223799999999999666e-02,9.952119999999999855e-01,-6.584600000000000175e-02,0.000000000000000000e+00,0.000000000000000000e+00,0.000000000000000000e+00,2.531699999999999923e-02,9.999303600000000358e+01,9.116494099999999889e+01
0.000000000000000000e+00,2.699999999999999969e-02,0.000000000000000000e+00,0.000000000000000000e+00,2.674999999999999947e-02,4.020000000000000136e-04,4.000000000000000327e-05,-1.497700000000000073e-02,9.994509999999999783e-01,-2.954899999999999888e-02,2.647700000000000053e-02,-1.951000000000000043e-03,1.245999999999999929e-03,7.649300000000000543e-02,9.947319999999999496e-01,-6.823799999999999311e-02,0.000000000000000000e+00,0.000000000000000000e+00,0.000000000000000000e+00,2.647700000000000053e-02,9.999270300000000589e+01,9.107085100000000466e+01
0.000000000000000000e+00,2.800000000000000058e-02,0.000000000000000000e+00,0.000000000000000000e+00,2.791899999999999937e-02,8.469999999999999881e-04,-7.399999999999999623e-05,-3.038700000000000082e-02,9.991120000000000001e-01,-2.917399999999999854e-02,2.746399999999999883e-02,-1.879999999999999944e-03,1.182000000000000108e-03,7.102799999999999392e-02,9.951900000000000190e-01,-6.746800000000000019e-02,0.000000000000000000e+00,0.000000000000000000e+00,0.000000000000000000e+00,2.746399999999999883e-02,9.998985799999999813e+01,9.106664299999999912e+01
0.000000000000000000e+00,2.900000000000000147e-02,0.000000000000000000e+00,0.000000000000000000e+00,2.897800000000000029e-02,4.910000000000000085e-04,1.999999999999999909e-06,-1.691499999999999948e-02,9.994189999999999463e-01,-2.957600000000000159e-02,2.859199999999999936e-02,-2.125999999999999852e-03,1.355000000000000085e-03,7.720499999999999585e-02,9.946359999999999646e-01,-6.883799999999999641e-02,0.000000000000000000e+00,0.000000000000000000e+00,0.000000000000000000e+00,2.859199999999999936e-02,9.999346400000000301e+01,9.103880700000000559e+01
0.000000000000000000e+00,2.999999999999999889e-02,0.000000000000000000e+00,0.000000000000000000e+00,2.978300000000000045e-02,2.880000000000000073e-04,-3.499999999999999693e-05,-9.702000000000000554e-03,9.995469999999999633e-01,-2.849199999999999997e-02,2.956100000000000047e-02,-2.005999999999999971e-03,1.327000000000000055e-03,7.064800000000000246e-02,9.950750000000000428e-01,-6.953499999999999959e-02,0.000000000000000000e+00,0.000000000000000000e+00,0.000000000000000000e+00,2.956100000000000047e-02,9.999500299999999697e+01,9.105070600000000525e+01
0.000000000000000000e+00,3.099999999999999978e-02,0.000000000000000000e+00,0.000000000000000000e+00,3.083599999999999883e-02,2.169999999999999891e-04,-8.100000000000000375e-05,-7.118000000000000195e-03,9.996140000000000025e-01,-2.683800000000000074e-02,3.063099999999999851e-02,-2.054999999999999969e-03,1.345000000000000058e-03,6.981900000000000606e-02,9.951069999999999638e-01,-6.990599999999999592e-02,0.000000000000000000e+00,0.000000000000000000e+00,0.000000000000000000e+00,3.063099999999999851e-02,9.999480200000000707e+01,9.103165599999999813e+01
0.000000000000000000e+00,3.200000000000000067e-02,0.000000000000000000e+00,0.000000000000000000e+00,3.183500000000000218e-02,1.910000000000000077e-04,-5.099999999999999960e-05,-6.054000000000000353e-03,9.995760000000000201e-01,-2.846399999999999972e-02,3.183600000000000319e-02,-2.347000000000000128e-03,1.536999999999999955e-03,7.674000000000000266e-02,9.945079999999999476e-01,-7.117400000000000115e-02,0.000000000000000000e+00,0.000000000000000000e+00,0.000000000000000000e+00,3.183600000000000319e-02,9.999593400000000543e+01,9.101130799999999965e+01
0.000000000000000000e+00,3.300000000000000155e-02,0.000000000000000000e+00,0.000000000000000000e+00,3.285400000000000126e-02,2.669999999999999847e-04,-1.399999999999999979e-05,-8.137999999999999401e-03,9.995659999999999545e-01,-2.832499999999999948e-02,3.262400000000000022e-02,-2.288999999999999802e-03,1.490999999999999921e-03,7.303900000000000670e-02,9.947930000000000383e-01,-7.107499999999999929e-02,0.000000000000000000e+00,0.000000000000000000e+00,0.000000000000000000e+00,3.262400000000000022e-02,9.999642400000000464e+01,9.100976199999999494e+01
0.000000000000000000e+00,3.400000000000000244e-02,0.000000000000000000e+00,0.000000000000000000e+00,3.394400000000000195e-02,1.119999999999999983e-04,3.499999999999999693e-05,-3.265000000000000107e-03,9.995560000000000000e-01,-2.960199999999999984e-02,3.352100000000000218e-02,-2.167999999999999788e-03,1.539000000000000003e-03,6.765000000000000180e-02,9.951429999999999998e-01,-7.150700000000000112e-02,0.000000000000000000e+00,0.000000000000000000e+00,0.000000000000000000e+00,3.352100000000000218e-02,9.999702600000000530e+01,9.097949699999999496e+01
0.000000000000000000e+00,3.500000000000000333e-02,0.000000000000000000e+00,0.000000000000000000e+00,3.464799999999999824e-02,6.160000000000000111e-04,-7.600000000000000418e-05,-1.781699999999999950e-02,9.994600000000000151e-01,-2.759700000000000000e-02,3.447900000000000270e-02,-2.090999999999999977e-03,1.539999999999999919e-03,6.357000000000000151e-02,9.953790000000000138e-01,-7.197199999999999431e-02,0.000000000000000000e+00,0.000000000000000000e+00,0.000000000000000000e+00,3.447900000000000270e-02,9.999325699999999983e+01,9.098283299999999940e+01
0.000000000000000000e+00,3.599999999999999728e-02,0.000000000000000000e+00,0.000000000000000000e+00,3.570799999999999669e-02,2.979999999999999793e-04,2.099999999999999884e-05,-8.325000000000000802e-03,9.995549999999999713e-01,-2.865200000000000038e-02,3.569300000000000250e-02,-2.438000000000000063e-03,1.680000000000000070e-03,7.135700000000000376e-02,9.948219999999999841e-01,-7.236700000000000077e-02,0.000000000000000000e+00,0.000000000000000000e+00,0.000000000000000000e+00,3.569300000000000250e-02,9.999613300000000038e+01,9.094172000000000367e+01
0.000000000000000000e+00,3.699999999999999817e-02,0.000000000000000000e+00,0.000000000000000000e+00,3.667600000000000027e-02,5.550000000000000462e-04,-3.199999999999999855e-05,-1.515200000000000054e-02,9.994920000000000471e-01,-2.804399999999999948e-02,3.665600000000000108e-02,-2.462999999999999912e-03,1.757000000000000098e-03,7.035600000000000187e-02,9.948449999999999793e-01,-7.303099999999999870e-02,0.000000000000000000e+00,0.000000000000000000e+00,0.000000000000000000e+00,3.665600000000000108e-02,9.999408900000000244e+01,9.094321700000000419e+01
0.000000000000000000e+00,3.799999999999999906e-02,0.000000000000000000e+00,0.000000000000000000e+00,3.754199999999999898e-02,4.310000000000000137e-04,-6.799999999999999946e-05,-1.153599999999999938e-02,9.995739999999999625e-01,-2.680300000000000044e-02,3.763600000000000279e-02,-2.320000000000000014e-03,1.680999999999999986e-03,6.460399999999999476e-02,9.952560000000000295e-01,-7.273799999999999710e-02,0.000000000000000000e+00,0.000000000000000000e+00,0.000000000000000000e+00,3.763600000000000279e-02,9.999425399999999797e+01,9.095431299999999908e+01
0.000000000000000000e+00,3.899999999999999994e-02,0.000000000000000000e+00,0.000000000000000000e+00,3.872899999999999954e-02,4.589999999999999896e-04,-1.099999999999999971e-05,-1.184400000000000036e-02,9.995359999999999800e-01,-2.806600000000000067e-02,3.841200000000000170e-02,-2.236000000000000140e-03,1.711999999999999980e-03,6.118599999999999733e-02,9.954669999999999908e-01,-7.281700000000000672e-02,0.000000000000000000e+00,0.000000000000000000e+00,0.000000000000000000e+00,3.841200000000000170e-02,9.999483700000000397e+01,9.093816900000000203e+01
0.000000000000000000e+00,4.000000000000000083e-02,0.000000000000000000e+00,0.000000000000000000e+00,3.973100000000000243e-02,2.979999999999999793e-04,2.500000000000000120e-05,-7.471000000000000210e-03,9.995699999999999585e-01,-2.835899999999999879e-02,3.956799999999999901e-02,-2.315999999999999916e-03,1.711999999999999980e-03,6.141499999999999737e-02,9.954509999999999748e-01,-7.284200000000000397e-02,0.000000000000000000e+00,0.000000000000000000e+00,0.000000000000000000e+00,3.956799999999999901e-02,9.999669299999999339e+01,9.095710699999999349e+01
0.000000000000000000e+00,4.100000000000000172e-02,0.000000000000000000e+00,0.000000000000000000e+00,4.090400000000000286e-02,1.310000000000000129e-04,2.099999999999999884e-05,-3.186000000000000030e-03,9.995749999999999913e-01,-2.896800000000000069e-02,4.038499999999999729e-02,-2.279999999999999909e-03,1.840999999999999972e-03,5.955200000000000077e-02,9.955140000000000100e-01,-7.352100000000000302e-02,0.000000000000000000e+00,0.000000000000000000e+00,0.000000000000000000e+00,4.038499999999999729e-02,9.999828899999999976e+01,9.099545999999999424e+01
0.000000000000000000e+00,4.200000000000000261e-02,0.000000000000000000e+00,0.000000000000000000e+00,4.162799999999999834e-02,3.480000000000000020e-04,-6.999999999999999387e-05,-8.390999999999999154e-03,9.995969999999999578e-01,-2.711900000000000074e-02,4.127600000000000019e-02,-2.083999999999999915e-03,1.835999999999999958e-03,5.354300000000000032e-02,9.958559999999999635e-01,-7.351000000000000589e-02,0.000000000000000000e+00,0.000000000000000000e+00,0.000000000000000000e+00,4.127600000000000019e-02,9.999577899999999886e+01,9.097021800000000269e+01
0.000000000000000000e+00,4.299999999999999656e-02,0.000000000000000000e+00,0.000000000000000000e+00,4.264600000000000335e-02,4.310000000000000137e-04,0.000000000000000000e+00,-1.011100000000000020e-02,9.995699999999999585e-01,-2.751800000000000079e-02,4.235300000000000176e-02,-2.340000000000000066e-03,1.778999999999999982e-03,5.807899999999999868e-02,9.956439999999999735e-01,-7.293399999999999883e-02,0.000000000000000000e+00,0.000000000000000000e+00,0.000000000000000000e+00,4.235300000000000176e-02,9.999499299999999380e+01,9.098254799999999420e+01
0.000000000000000000e+00,4.399999999999999745e-02,0.000000000000000000e+00,0.000000000000000000e+00,4.368199999999999861e-02,3.939999999999999817e-04,3.600000000000000091e-05,-8.999999999999999320e-03,9.995570000000000288e-01,-2.835299999999999973e-02,4.304700000000000193e-02,-2.138000000000000143e-03,1.773999999999999969e-03,5.246900000000000175e-02,9.959630000000000427e-01,-7.283299999999999497e-02,0.000000000000000000e+00,0.000000000000000000e+00,0.000000000000000000e+00,4.304700000000000193e-02,9.999480599999999697e+01,9.099334600000000250e+01
0.000000000000000000e+00,4.499999999999999833e-02,0.000000000000000000e+00,0.000000000000000000e+00,4.475400000000000211e-02,8.399999999999999535e-05,1.099999999999999971e-05,-1.863000000000000073e-03,9.995920000000000361e-01,-2.850300000000000056e-02,4.393799999999999789e-02,-2.003000000000000006e-03,1.747999999999999988e-03,4.828799999999999759e-02,9.962250000000000272e-01,-7.213500000000000467e-02,0.000000000000000000e+00,0.000000000000000000e+00,0.000000000000000000e+00,4.393799999999999789e-02,9.999822699999999998e+01,9.103342100000000414e+01
0.000000000000000000e+00,4.599999999999999922e-02,0.000000000000000000e+00,0.000000000000000000e+00,4.574899999999999800e-02,2.149999999999999947e-04,2.000000000000000164e-05,-4.690999999999999857e-03,9.995840000000000281e-01,-2.845299999999999913e-02,4.483999999999999792e-02,-1.771999999999999921e-03,1.753999999999999917e-03,4.219400000000000234e-02,9.964990000000000236e-01,-7.217999999999999416e-02,0.000000000000000000e+00,0.000000000000000000e+00,0.000000000000000000e+00,4.483999999999999792e-02,9.999765800000000127e+01,9.106529600000000357e+01
0.000000000000000000e+00,4.700000000000000011e-02,0.000000000000000000e+00,0.000000000000000000e+00,4.690199999999999925e-02,2.269999999999999882e-04,2.900000000000000017e-05,-4.828999999999999959e-03,9.995840000000000281e-01,-2.842300000000000035e-02,4.577900000000000025e-02,-2.041999999999999978e-03,1.866999999999999953e-03,4.742999999999999994e-02,9.961740000000000039e-01,-7.340599999999999903e-02,0.000000000000000000e+00,0.000000000000000000e+00,0.000000000000000000e+00,4.577900000000000025e-02,9.999759400000000653e+01,9.106837099999999907e+01
0.000000000000000000e+00,4.800000000000000100e-02,0.000000000000000000e+00,0.000000000000000000e+00,4.769299999999999928e-02,2.750000000000000166e-04,-7.799999999999999859e-05,-5.812999999999999591e-03,9.996190000000000353e-01,-2.699800000000000116e-02,4.671399999999999858e-02,-1.869999999999999917e-03,1.765000000000000076e-03,4.262400000000000216e-02,9.964870000000000116e-01,-7.209400000000000530e-02,0.000000000000000000e+00,0.000000000000000000e+00,0.000000000000000000e+00,4.671399999999999858e-02,9.999632699999999375e+01,9.112123499999999865e+01
0.000000000000000000e+00,4.900000000000000189e-02,0.000000000000000000e+00,0.000000000000000000e+00,4.901500000000000301e-02,2.199999999999999943e-05,6.799999999999999946e-05,-4.060000000000000024e-04,9.995589999999999753e-01,-2.969000000000000111e-02,4.751699999999999674e-02,-1.866999999999999953e-03,1.781999999999999947e-03,4.185300000000000131e-02,9.965180000000000149e-01,-7.211700000000000055e-02,0.000000000000000000e+00,0.000000000000000000e+00,0.000000000000000000e+00,4.751699999999999674e-02,9.999769200000000069e+01,9.117458299999999838e+01
0.000000000000000000e+00,5.000000000000000278e-02,0.000000000000000000e+00,0.000000000000000000e+00,4.982899999999999829e-02,1.500000000000000038e-05,-3.999999999999999819e-06,-2.950000000000000148e-04,9.995880000000000321e-01,-2.868700000000000069e-02,4.816200000000000342e-02,-1.564000000000000069e-03,1.696999999999999941e-03,3.487300000000000122e-02,9.968529999999999891e-01,-7.118800000000000128e-02,0.000000000000000000e+00,0.000000000000000000e+00,0.000000000000000000e+00,4.816200000000000342e-02,9.999912500000000648e+01,9.120992999999999995e+01
0.000000000000000000e+00,5.099999999999999672e-02,0.000000000000000000e+00,0.000000000000000000e+00,5.072999999999999732e-02,2.599999999999999772e-04,-5.599999999999999916e-05,-5.154999999999999860e-03,9.996199999999999530e-01,-2.708299999999999944e-02,4.910899999999999987e-02,-1.497999999999999983e-03,1.783000000000000080e-03,3.300999999999999768e-02,9.968660000000000299e-01,-7.188999999999999557e-02,0.000000000000000000e+00,0.000000000000000000e+00,0.000000000000000000e+00,4.910899999999999987e-02,9.999692299999999534e+01,9.126538200000000245e+01
0.000000000000000000e+00,5.199999999999999761e-02,0.000000000000000000e+00,0.000000000000000000e+00,5.180499999999999688e-02,1.010000000000000020e-04,5.399999999999999798e-05,-1.923000000000000013e-03,9.995789999999999953e-01,-2.895199999999999857e-02,5.003699999999999815e-02,-1.526000000000000013e-03,1.757000000000000098e-03,3.292099999999999888e-02,9.968679999999999763e-01,-7.190399999999999570e-02,0.000000000000000000e+00,0.000000000000000000e+00,0.000000000000000000e+00,5.003699999999999815e-02,9.999813699999999983e+01,9.132105199999999456e+01
0.000000000000000000e+00,5.299999999999999850e-02,0.000000000000000000e+00,0.000000000000000000e+00,5.276900000000000340e-02,1.500000000000000038e-05,-1.099999999999999971e-05,-2.959999999999999849e-04,9.995880000000000321e-01,-2.871699999999999947e-02,5.078200000000000075e-02,-1.271999999999999910e-03,1.598000000000000028e-03,2.717800000000000077e-02,9.971940000000000248e-01,-6.975599999999999856e-02,0.000000000000000000e+00,0.000000000000000000e+00,0.000000000000000000e+00,5.078200000000000075e-02,9.999889000000000294e+01,9.137715599999999938e+01
0.000000000000000000e+00,5.399999999999999939e-02,0.000000000000000000e+00,0.000000000000000000e+00,5.382499999999999785e-02,3.699999999999999811e-05,-2.599999999999999840e-05,-7.069999999999999462e-04,9.995920000000000361e-01,-2.854699999999999946e-02,5.167100000000000165e-02,-1.397000000000000021e-03,1.595999999999999979e-03,2.912700000000000011e-02,9.970919999999999783e-01,-7.041999999999999649e-02,0.000000000000000000e+00,0.000000000000000000e+00,0.000000000000000000e+00,5.167100000000000165e-02,9.999854000000000553e+01,9.144155299999999897e+01
0.000000000000000000e+00,5.500000000000000028e-02,0.000000000000000000e+00,0.000000000000000000e+00,5.481599999999999667e-02,7.100000000000000462e-05,3.499999999999999693e-05,-1.268999999999999946e-03,9.995859999999999745e-01,-2.876099999999999837e-02,5.238199999999999801e-02,-1.111999999999999924e-03,1.495999999999999934e-03,2.314199999999999938e-02,9.973459999999999548e-01,-6.902999999999999414e-02,0.000000000000000000e+00,0.000000000000000000e+00,0.000000000000000000e+00,5.238199999999999801e-02,9.999881600000000503e+01,9.151658100000000218e+01
0.000000000000000000e+00,5.600000000000000117e-02,0.000000000000000000e+00,0.000000000000000000e+00,5.573000000000000176e-02,1.720000000000000066e-04,2.199999999999999943e-05,-3.072000000000000078e-03,9.996040000000000481e-01,-2.795699999999999921e-02,5.342999999999999833e-02,-1.394999999999999973e-03,1.629999999999999939e-03,2.820299999999999890e-02,9.970620000000000038e-01,-7.121399999999999952e-02,0.000000000000000000e+00,0.000000000000000000e+00,0.000000000000000000e+00,5.342999999999999833e-02,9.999768400000000668e+01,9.159484100000000240e+01
0.000000000000000000e+00,5.700000000000000205e-02,0.000000000000000000e+00,0.000000000000000000e+00,5.680999999999999939e-02,2.190000000000000106e-04,-2.900000000000000017e-05,-3.860999999999999849e-03,9.996239999999999570e-01,-2.713899999999999993e-02,5.422699999999999743e-02,-1.224000000000000045e-03,1.525000000000000097e-03,2.448099999999999929e-02,9.972509999999999986e-01,-6.993399999999999617e-02,0.000000000000000000e+00,0.000000000000000000e+00,0.000000000000000000e+00,5.422699999999999743e-02,9.999720999999999549e+01,9.167952099999999405e+01
0.000000000000000000e+00,5.800000000000000294e-02,0.000000000000000000e+00,0.000000000000000000e+00,5.770000000000000129e-02,9.299999999999999727e-05,3.499999999999999693e-05,-1.593999999999999931e-03,9.995899999999999785e-01,-2.857700000000000171e-02,5.507000000000000089e-02,-1.188999999999999953e-03,1.471000000000000085e-03,2.340199999999999919e-02,9.972940000000000138e-01,-6.969899999999999707e-02,0.000000000000000000e+00,0.000000000000000000e+00,0.000000000000000000e+00,5.507000000000000089e-02,9.999789699999999470e+01,9.177560200000000634e+01
0.000000000000000000e+00,5.899999999999999689e-02,0.000000000000000000e+00,0.000000000000000000e+00,5.879600000000000104e-02,6.099999999999999872e-05,-3.100000000000000135e-05,-1.051000000000000068e-03,9.996040000000000481e-01,-2.811299999999999910e-02,5.580000000000000238e-02,-9.920000000000000432e-04,1.258000000000000004e-03,1.924800000000000122e-02,9.975469999999999615e-01,-6.729799999999999671e-02,0.000000000000000000e+00,0.000000000000000000e+00,0.000000000000000000e+00,5.580000000000000238e-02,9.999814299999999889e+01,9.186016899999999907e+01
0.000000000000000000e+00,5.999999999999999778e-02,0.000000000000000000e+00,0.000000000000000000e+00,5.960200000000000220e-02,2.489999999999999809e-04,-6.299999999999999990e-05,-4.196000000000000077e-03,9.996429999999999483e-01,-2.637600000000000014e-02,5.677399999999999808e-02,-1.123999999999999999e-03,1.263000000000000017e-03,2.126499999999999918e-02,9.974319999999999853e-01,-6.839499999999999746e-02,0.000000000000000000e+00,0.000000000000000000e+00,0.000000000000000000e+00,5.677399999999999808e-02,9.999490600000000029e+01,9.196927100000000621e+01
0.000000000000000000e+00,6.099999999999999867e-02,0.000000000000000000e+00,0.000000000000000000e+00,6.068199999999999983e-02,2.280000000000000126e-04,4.300000000000000165e-05,-3.739000000000000136e-03,9.996199999999999530e-01,-2.732199999999999906e-02,5.759999999999999842e-02,-9.340000000000000429e-04,1.177000000000000095e-03,1.754199999999999857e-02,9.975939999999999808e-01,-6.707200000000000661e-02,0.000000000000000000e+00,0.000000000000000000e+00,0.000000000000000000e+00,5.759999999999999842e-02,9.999532000000000664e+01,9.207254600000000266e+01
0.000000000000000000e+00,6.199999999999999956e-02,0.000000000000000000e+00,0.000000000000000000e+00,6.182300000000000295e-02,5.000000000000000409e-06,9.999999999999999547e-07,-8.500000000000000611e-05,9.995859999999999745e-01,-2.876700000000000090e-02,5.854999999999999788e-02,-1.028999999999999967e-03,1.103999999999999947e-03,1.880400000000000127e-02,9.975380000000000358e-01,-6.756199999999999706e-02,0.000000000000000000e+00,0.000000000000000000e+00,0.000000000000000000e+00,5.854999999999999788e-02,9.999840899999999522e+01,9.217374300000000176e+01
0.000000000000000000e+00,6.300000000000000044e-02,0.000000000000000000e+00,0.000000000000000000e+00,6.293700000000000683e-02,-2.900000000000000017e-05,3.399999999999999973e-05,4.749999999999999990e-04,9.995730000000000448e-01,-2.922200000000000145e-02,5.933499999999999885e-02,-1.015000000000000060e-03,1.108999999999999960e-03,1.834500000000000020e-02,9.974859999999999838e-01,-6.844400000000000484e-02,0.000000000000000000e+00,0.000000000000000000e+00,0.000000000000000000e+00,5.933499999999999885e-02,9.999765600000000632e+01,9.227819700000000580e+01
0.000000000000000000e+00,6.400000000000000133e-02,0.000000000000000000e+00,0.000000000000000000e+00,6.404300000000000270e-02,-2.919999999999999961e-04,1.589999999999999888e-04,4.645999999999999956e-03,9.994490000000000318e-01,-3.286800000000000138e-02,6.020199999999999857e-02,-1.041999999999999958e-03,1.007000000000000083e-03,1.840299999999999922e-02,9.974939999999999918e-01,-6.832000000000000572e-02,0.000000000000000000e+00,0.000000000000000000e+00,0.000000000000000000e+00,6.020199999999999857e-02,9.999175300000000277e+01,9.239830200000000104e+01
0.000000000000000000e+00,6.500000000000000222e-02,0.000000000000000000e+00,0.000000000000000000e+00,6.492399999999999560e-02,-9.100000000000000287e-05,2.900000000000000017e-05,1.413999999999999892e-03,9.995560000000000000e-01,-2.977300000000000085e-02,6.099299999999999861e-02,-9.579999999999999757e-04,8.580000000000000387e-04,1.661999999999999936e-02,9.975910000000000055e-01,-6.734500000000000208e-02,0.000000000000000000e+00,0.000000000000000000e+00,0.000000000000000000e+00,6.099299999999999861e-02,9.999710500000000479e+01,9.251196400000000608e+01
0.000000000000000000e+00,6.600000000000000311e-02,0.000000000000000000e+00,0.000000000000000000e+00,6.597699999999999398e-02,-1.550000000000000000e-04,3.300000000000000253e-05,2.358999999999999986e-03,9.995319999999999760e-01,-3.049599999999999880e-02,6.171900000000000303e-02,-7.929999999999999766e-04,6.139999999999999625e-04,1.346200000000000001e-02,9.978040000000000243e-01,-6.485299999999999399e-02,0.000000000000000000e+00,0.000000000000000000e+00,0.000000000000000000e+00,6.171900000000000303e-02,9.999494099999999719e+01,9.264047200000000259e+01
0.000000000000000000e+00,6.700000000000000400e-02,0.000000000000000000e+00,0.000000000000000000e+00,6.666999999999999316e-02,-6.000000000000000152e-06,2.599999999999999840e-05,1.050000000000000044e-04,9.995699999999999585e-01,-2.931399999999999978e-02,6.275600000000000622e-02,-8.379999999999999862e-04,6.520000000000000188e-04,1.400299999999999982e-02,9.977230000000000265e-01,-6.597100000000000186e-02,0.000000000000000000e+00,0.000000000000000000e+00,0.000000000000000000e+00,6.275600000000000622e-02,9.999720899999999801e+01,9.276575499999999863e+01
0.000000000000000000e+00,6.800000000000000488e-02,0.000000000000000000e+00,0.000000000000000000e+00,6.771000000000000629e-02,7.100000000000000462e-05,-5.000000000000000240e-05,-1.072999999999999952e-03,9.996230000000000393e-01,-2.744200000000000111e-02,6.359900000000000275e-02,-9.770000000000000039e-04,5.100000000000000366e-04,1.586600000000000163e-02,9.976030000000000175e-01,-6.735399999999999721e-02,0.000000000000000000e+00,0.000000000000000000e+00,0.000000000000000000e+00,6.359900000000000275e-02,9.999535400000000607e+01,9.290082700000000671e+01
0.000000000000000000e+00,6.900000000000000577e-02,0.000000000000000000e+00,0.000000000000000000e+00,6.892199999999999716e-02,-9.799999999999999684e-05,1.589999999999999888e-04,1.487000000000000040e-03,9.995209999999999928e-01,-3.090800000000000144e-02,6.449299999999999478e-02,-8.989999999999999511e-04,2.990000000000000036e-04,1.421500000000000020e-02,9.977399999999999602e-01,-6.567000000000000615e-02,0.000000000000000000e+00,0.000000000000000000e+00,0.000000000000000000e+00,6.449299999999999478e-02,9.999264100000000610e+01,9.303793699999999944e+01
0.000000000000000000e+00,7.000000000000000666e-02,0.000000000000000000e+00,0.000000000000000000e+00,6.981500000000000206e-02,-7.700000000000000139e-05,-6.999999999999999895e-06,1.105000000000000079e-03,9.995640000000000081e-01,-2.951300000000000104e-02,6.532899999999999818e-02,-9.389999999999999476e-04,1.669999999999999935e-04,1.451000000000000033e-02,9.976979999999999738e-01,-6.624700000000000033e-02,0.000000000000000000e+00,0.000000000000000000e+00,0.000000000000000000e+00,6.532899999999999818e-02,9.999527899999999647e+01,9.317806899999999359e+01
0.000000000000000000e+00,7.099999999999999367e-02,0.000000000000000000e+00,0.000000000000000000e+00,7.061499999999999722e-02,1.289999999999999914e-04,-2.199999999999999943e-05,-1.832000000000000078e-03,9.996410000000000018e-01,-2.673700000000000035e-02,6.628599999999999770e-02,-1.018999999999999941e-03,9.699999999999999963e-05,1.544099999999999986e-02,9.975840000000000263e-01,-6.773099999999999954e-02,0.000000000000000000e+00,0.000000000000000000e+00,0.000000000000000000e+00,6.628599999999999770e-02,9.999470399999999870e+01,9.332924300000000528e+01
0.000000000000000000e+00,7.199999999999999456e-02,0.000000000000000000e+00,0.000000000000000000e+00,7.169399999999999384e-02,-3.499999999999999693e-05,-2.599999999999999840e-05,4.749999999999999990e-04,9.995789999999999953e-01,-2.901099999999999859e-02,6.713199999999999723e-02,-7.730000000000000326e-04,-9.799999999999999684e-05,1.139300000000000035e-02,9.978930000000000300e-01,-6.387500000000000122e-02,0.000000000000000000e+00,0.000000000000000000e+00,0.000000000000000000e+00,6.713199999999999723e-02,9.999528599999999301e+01,9.347425200000000700e+01
0.000000000000000000e+00,7.299999999999999545e-02,0.000000000000000000e+00,0.000000000000000000e+00,7.293499999999999983e-02,-8.500000000000000611e-05,1.269999999999999970e-04,1.217999999999999899e-03,9.995399999999999840e-01,-3.031299999999999967e-02,6.807699999999999863e-02,-1.038000000000000077e-03,-2.990000000000000036e-04,1.491499999999999944e-02,9.976279999999999593e-01,-6.720800000000000385e-02,0.000000000000000000e+00,0.000000000000000000e+00,0.000000000000000000e+00,6.807699999999999863e-02,9.999397299999999689e+01,9.364145899999999756e+01
0.000000000000000000e+00,7.399999999999999634e-02,0.000000000000000000e+00,0.000000000000000000e+00,7.399400000000000421e-02,5.800000000000000034e-05,1.379999999999999933e-04,-7.290000000000000473e-04,9.996190000000000353e-01,-2.760500000000000106e-02,6.916300000000000225e-02,-1.098999999999999934e-03,-3.519999999999999908e-04,1.550499999999999969e-02,9.975309999999999455e-01,-6.850100000000000633e-02,0.000000000000000000e+00,0.000000000000000000e+00,0.000000000000000000e+00,6.916300000000000225e-02,9.999032599999999604e+01,9.380483900000000119e+01
0.000000000000000000e+00,7.499999999999999722e-02,0.000000000000000000e+00,0.000000000000000000e+00,7.441899999999999904e-02,1.499999999999999869e-04,-1.219999999999999974e-04,-2.062000000000000031e-03,9.996760000000000090e-01,-2.538299999999999931e-02,6.979599999999999693e-02,-9.470000000000000336e-04,-6.089999999999999494e-04,1.296500000000000083e-02,9.977150000000000185e-01,-6.630700000000000482e-02,0.000000000000000000e+00,0.000000000000000000e+00,0.000000000000000000e+00,6.979599999999999693e-02,9.998694700000000068e+01,9.397348399999999913e+01
0.000000000000000000e+00,7.599999999999999811e-02,0.000000000000000000e+00,0.000000000000000000e+00,7.568500000000000227e-02,-6.899999999999999667e-05,8.399999999999999535e-05,9.499999999999999981e-04,9.995399999999999840e-01,-3.032599999999999879e-02,7.121399999999999952e-02,-1.275000000000000092e-03,-6.340000000000000149e-04,1.721299999999999913e-02,9.972820000000000018e-01,-7.164500000000000035e-02,0.000000000000000000e+00,0.000000000000000000e+00,0.000000000000000000e+00,7.121399999999999952e-02,9.999375000000000568e+01,9.417080400000000395e+01
0.000000000000000000e+00,7.699999999999999900e-02,0.000000000000000000e+00,0.000000000000000000e+00,7.666399999999999604e-02,-6.200000000000000270e-05,-3.499999999999999693e-05,7.889999999999999878e-04,9.995760000000000201e-01,-2.912000000000000005e-02,7.259699999999999487e-02,-1.221000000000000080e-03,-6.920000000000000153e-04,1.610899999999999832e-02,9.974199999999999733e-01,-6.995500000000000329e-02,0.000000000000000000e+00,0.000000000000000000e+00,0.000000000000000000e+00,7.259699999999999487e-02,9.999248799999999449e+01,9.435696199999999578e+01
0.000000000000000000e+00,7.799999999999999989e-02,0.000000000000000000e+00,0.000000000000000000e+00,7.743400000000000283e-02,1.699999999999999987e-05,-2.099999999999999884e-05,-2.269999999999999882e-04,9.995990000000000153e-01,-2.832099999999999895e-02,7.351399999999999602e-02,-1.396000000000000105e-03,-8.559999999999999901e-04,1.807399999999999979e-02,9.970849999999999991e-01,-7.412299999999999445e-02,0.000000000000000000e+00,0.000000000000000000e+00,0.000000000000000000e+00,7.351399999999999602e-02,9.999039199999999994e+01,9.457110099999999875e+01
0.000000000000000000e+00,7.900000000000000078e-02,0.000000000000000000e+00,0.000000000000000000e+00,7.849299999999999333e-02,-1.200000000000000030e-05,1.999999999999999909e-06,1.579999999999999916e-04,9.995859999999999745e-01,-2.878100000000000103e-02,7.449300000000000366e-02,-1.508000000000000009e-03,-1.136999999999999990e-03,1.902399999999999924e-02,9.969249999999999501e-01,-7.601800000000000224e-02,0.000000000000000000e+00,0.000000000000000000e+00,0.000000000000000000e+00,7.449300000000000366e-02,9.999170499999999606e+01,9.479636899999999855e+01
0.000000000000000000e+00,8.000000000000000167e-02,0.000000000000000000e+00,0.000000000000000000e+00,7.950200000000000322e-02,-5.199999999999999680e-05,1.299999999999999920e-05,6.589999999999999721e-04,9.995610000000000328e-01,-2.963100000000000109e-02,7.570200000000000540e-02,-1.580999999999999940e-03,-1.150999999999999896e-03,1.962099999999999955e-02,9.966920000000000224e-01,-7.886700000000000654e-02,0.000000000000000000e+00,0.000000000000000000e+00,0.000000000000000000e+00,7.570200000000000540e-02,9.999171900000000335e+01,9.503487400000000207e+01
0.000000000000000000e+00,8.100000000000000255e-02,0.000000000000000000e+00,0.000000000000000000e+00,8.041600000000000137e-02,3.300000000000000253e-05,-1.999999999999999909e-06,-4.110000000000000155e-04,9.996199999999999530e-01,-2.756000000000000116e-02,7.669900000000000329e-02,-1.350999999999999987e-03,-1.420000000000000038e-03,1.620699999999999918e-02,9.971900000000000208e-01,-7.314500000000000168e-02,0.000000000000000000e+00,0.000000000000000000e+00,0.000000000000000000e+00,7.669900000000000329e-02,9.998743500000000495e+01,9.529286899999999605e+01
0.000000000000000000e+00,8.200000000000000344e-02,0.000000000000000000e+00,0.000000000000000000e+00,8.145199999999999663e-02,-3.100000000000000135e-05,-6.399999999999999710e-05,3.579999999999999741e-04,9.996000000000000441e-01,-2.826899999999999899e-02,7.821500000000000674e-02,-1.675999999999999972e-03,-1.490000000000000005e-03,1.982300000000000034e-02,9.965399999999999814e-01,-8.071200000000000596e-02,0.000000000000000000e+00,0.000000000000000000e+00,0.000000000000000000e+00,7.821500000000000674e-02,9.998978300000000274e+01,9.556497500000000400e+01
0.000000000000000000e+00,8.300000000000000433e-02,0.000000000000000000e+00,0.000000000000000000e+00,8.287999999999999534e-02,-2.880000000000000073e-04,2.200000000000000078e-04,3.569999999999999823e-03,9.993440000000000101e-01,-3.605099999999999971e-02,7.931399999999999562e-02,-1.657000000000000053e-03,-1.557999999999999923e-03,1.920699999999999838e-02,9.964450000000000252e-01,-8.202800000000000369e-02,0.000000000000000000e+00,0.000000000000000000e+00,0.000000000000000000e+00,7.931399999999999562e-02,9.998500300000000607e+01,9.585863700000000165e+01
0.000000000000000000e+00,8.400000000000000522e-02,0.000000000000000000e+00,0.000000000000000000e+00,8.415799999999999670e-02,-4.580000000000000195e-04,2.139999999999999975e-04,5.542000000000000051e-03,9.991959999999999731e-01,-3.971299999999999830e-02,8.055700000000000360e-02,-1.784999999999999911e-03,-1.629000000000000023e-03,2.030900000000000066e-02,9.959949999999999637e-01,-8.706800000000000650e-02,0.000000000000000000e+00,0.000000000000000000e+00,0.000000000000000000e+00,8.055700000000000360e-02,9.997028400000000659e+01,9.616379399999999578e+01
0.000000000000000000e+00,8.500000000000000611e-02,0.000000000000000000e+00,0.000000000000000000e+00,8.489599999999999924e-02,-2.599999999999999772e-04,1.389999999999999905e-04,3.122999999999999908e-03,9.993980000000000086e-01,-3.454000000000000126e-02,8.149599999999999900e-02,-1.585999999999999953e-03,-1.900999999999999912e-03,1.746800000000000089e-02,9.964579999999999549e-01,-8.225899999999999879e-02,0.000000000000000000e+00,0.000000000000000000e+00,0.000000000000000000e+00,8.149599999999999900e-02,9.998882000000000403e+01,9.649073400000000333e+01
0.000000000000000000e+00,8.599999999999999312e-02,0.000000000000000000e+00,0.000000000000000000e+00,8.556300000000000017e-02,-1.010000000000000020e-04,-2.599999999999999840e-05,1.165000000000000020e-03,9.995699999999999585e-01,-2.929000000000000006e-02,8.275299999999999323e-02,-1.636000000000000084e-03,-2.092000000000000109e-03,1.756500000000000075e-02,9.962959999999999594e-01,-8.417199999999999682e-02,0.000000000000000000e+00,0.000000000000000000e+00,0.000000000000000000e+00,8.275299999999999323e-02,9.999000100000000657e+01,9.682582800000000134e+01
0.000000000000000000e+00,8.699999999999999400e-02,0.000000000000000000e+00,0.000000000000000000e+00,8.654799999999999993e-02,1.269999999999999970e-04,1.999999999999999909e-06,-1.464999999999999939e-03,9.997549999999999493e-01,-2.207800000000000040e-02,8.397200000000000497e-02,-1.458000000000000095e-03,-2.125000000000000153e-03,1.525199999999999993e-02,9.966089999999999671e-01,-8.085499999999999632e-02,0.000000000000000000e+00,0.000000000000000000e+00,0.000000000000000000e+00,8.397200000000000497e-02,9.998534499999999525e+01,9.716246300000000247e+01
0.000000000000000000e+00,8.799999999999999489e-02,0.000000000000000000e+00,0.000000000000000000e+00,8.745200000000000196e-02,-1.340000000000000045e-04,1.900000000000000105e-05,1.539999999999999919e-03,9.995190000000000463e-01,-3.097600000000000006e-02,8.520999999999999408e-02,-1.441000000000000007e-03,-2.239999999999999804e-03,1.469900000000000026e-02,9.965300000000000269e-01,-8.192699999999999982e-02,0.000000000000000000e+00,0.000000000000000000e+00,0.000000000000000000e+00,8.520999999999999408e-02,9.999058899999999994e+01,9.750736600000000465e+01
0.000000000000000000e+00,8.899999999999999578e-02,0.000000000000000000e+00,0.000000000000000000e+00,8.844100000000000572e-02,-1.500000000000000038e-05,6.999999999999999895e-06,1.769999999999999926e-04,9.996500000000000385e-01,-2.645600000000000035e-02,8.644799999999999707e-02,-1.528000000000000061e-03,-2.364000000000000216e-03,1.522399999999999969e-02,9.960820000000000229e-01,-8.711000000000000687e-02,0.000000000000000000e+00,0.000000000000000000e+00,0.000000000000000000e+00,8.644799999999999707e-02,9.998865700000000345e+01,9.784516700000000355e+01
0.000000000000000000e+00,0.000000000000000000e+00,0.000000000000000000e+00,0.000000000000000000e+00,0.000000000000000000e+00,0.000000000000000000e+00,0.000000000000000000e+00,0.000000000000000000e+00,0.000000000000000000e+00,0.000000000000000000e+00,0.000000000000000000e+00,0.000000000000000000e+00,0.000000000000000000e+00,0.000000000000000000e+00,0.000000000000000000e+00,0.000000000000000000e+00,0.000000000000000000e+00,0.000000000000000000e+00,0.000000000000000000e+00,0.000000000000000000e+00,0.000000000000000000e+00,0.000000000000000000e+00
