0.000000000000000000e+00,0.000000000000000000e+00,0.000000000000000000e+00,0.000000000000000000e+00,3.099999999999999978e-02,-8.400000000000000522e-02,3.599999999999999728e-02,9.290000000000000480e-01,3.659999999999999920e-01,5.600000000000000117e-02,3.200000000000000067e-02,-1.499999999999999944e-02,8.699999999999999400e-02,7.319999999999999840e-01,6.650000000000000355e-01,-1.469999999999999918e-01,0.000000000000000000e+00,0.000000000000000000e+00,0.000000000000000000e+00,8.699999999999999400e-02,4.312000000000000277e+00,4.309999999999999609e+00
0.000000000000000000e+00,0.000000000000000000e+00,0.000000000000000000e+00,1.000000000000000021e-03,1.000000000000000021e-03,-0.000000000000000000e+00,-6.000000000000000125e-03,-9.889999999999999902e-01,4.200000000000000261e-02,-1.409999999999999865e-01,1.000000000000000021e-03,-0.000000000000000000e+00,-6.000000000000000125e-03,-9.959999999999999964e-01,8.999999999999999320e-03,-9.099999999999999756e-02,0.000000000000000000e+00,0.000000000000000000e+00,0.000000000000000000e+00,-6.000000000000000125e-03,9.040399999999999636e+01,9.140999999999999659e+01
0.000000000000000000e+00,0.000000000000000000e+00,0.000000000000000000e+00,2.000000000000000042e-03,1.000000000000000021e-03,-0.000000000000000000e+00,-8.000000000000000167e-03,-9.889999999999999902e-01,-1.499999999999999944e-02,-1.499999999999999944e-01,1.000000000000000021e-03,-0.000000000000000000e+00,-7.000000000000000146e-03,-9.859999999999999876e-01,1.400000000000000029e-02,-1.670000000000000095e-01,0.000000000000000000e+00,0.000000000000000000e+00,0.000000000000000000e+00,-7.000000000000000146e-03,9.710999999999999943e+01,9.684499999999999886e+01
0.000000000000000000e+00,0.000000000000000000e+00,0.000000000000000000e+00,3.000000000000000062e-03,1.000000000000000021e-03,-0.000000000000000000e+00,-7.000000000000000146e-03,-9.849999999999999867e-01,1.200000000000000025e-02,-1.710000000000000131e-01,2.000000000000000042e-03,-0.000000000000000000e+00,-8.000000000000000167e-03,-9.779999999999999805e-01,1.000000000000000021e-03,-2.069999999999999896e-01,0.000000000000000000e+00,0.000000000000000000e+00,0.000000000000000000e+00,-8.000000000000000167e-03,9.843600000000000705e+01,9.816700000000000159e+01
0.000000000000000000e+00,0.000000000000000000e+00,0.000000000000000000e+00,4.000000000000000083e-03,2.000000000000000042e-03,-0.000000000000000000e+00,-6.000000000000000125e-03,-9.629999999999999671e-01,-4.000000000000000083e-03,-2.710000000000000187e-01,1.000000000000000021e-03,-0.000000000000000000e+00,-6.000000000000000125e-03,-9.739999999999999769e-01,-5.000000000000000104e-03,-2.280000000000000082e-01,0.000000000000000000e+00,0.000000000000000000e+00,0.000000000000000000e+00,-6.000000000000000125e-03,9.880700000000000216e+01,9.861799999999999500e+01
0.000000000000000000e+00,0.000000000000000000e+00,0.000000000000000000e+00,5.000000000000000104e-03,2.000000000000000042e-03,-0.000000000000000000e+00,-6.000000000000000125e-03,-9.569999999999999618e-01,-3.000000000000000062e-03,-2.889999999999999791e-01,2.000000000000000042e-03,-0.000000000000000000e+00,-5.000000000000000104e-03,-9.589999999999999636e-01,-1.000000000000000021e-03,-2.849999999999999756e-01,0.000000000000000000e+00,0.000000000000000000e+00,0.000000000000000000e+00,-5.000000000000000104e-03,9.879500000000000171e+01,9.859900000000000375e+01
0.000000000000000000e+00,0.000000000000000000e+00,0.000000000000000000e+00,6.000000000000000125e-03,2.000000000000000042e-03,-0.000000000000000000e+00,-5.000000000000000104e-03,-9.479999999999999538e-01,-5.000000000000000104e-03,-3.180000000000000049e-01,1.000000000000000021e-03,-0.000000000000000000e+00,-5.000000000000000104e-03,-9.649999999999999689e-01,-3.000000000000000062e-03,-2.610000000000000098e-01,0.000000000000000000e+00,0.000000000000000000e+00,0.000000000000000000e+00,-5.000000000000000104e-03,9.898300000000000409e+01,9.867199999999999704e+01
0.000000000000000000e+00,0.000000000000000000e+00,0.000000000000000000e+00,7.000000000000000146e-03,2.000000000000000042e-03,-0.000000000000000000e+00,-5.000000000000000104e-03,-9.290000000000000480e-01,-6.000000000000000125e-03,-3.689999999999999947e-01,2.000000000000000042e-03,-0.000000000000000000e+00,-5.000000000000000104e-03,-9.350000000000000533e-01,-2.000000000000000042e-03,-3.539999999999999813e-01,0.000000000000000000e+00,0.000000000000000000e+00,0.000000000000000000e+00,-5.000000000000000104e-03,9.878600000000000136e+01,9.872899999999999920e+01
0.000000000000000000e+00,0.000000000000000000e+00,0.000000000000000000e+00,8.000000000000000167e-03,2.000000000000000042e-03,-0.000000000000000000e+00,-5.000000000000000104e-03,-9.210000000000000409e-01,-1.499999999999999944e-02,-3.890000000000000124e-01,2.000000000000000042e-03,-0.000000000000000000e+00,-5.000000000000000104e-03,-9.379999999999999449e-01,-1.499999999999999944e-02,-3.459999999999999742e-01,0.000000000000000000e+00,0.000000000000000000e+00,0.000000000000000000e+00,-5.000000000000000104e-03,9.831699999999999307e+01,9.853799999999999670e+01
0.000000000000000000e+00,0.000000000000000000e+00,0.000000000000000000e+00,8.999999999999999320e-03,2.000000000000000042e-03,-0.000000000000000000e+00,-6.000000000000000125e-03,-9.290000000000000480e-01,-1.400000000000000029e-02,-3.709999999999999964e-01,2.000000000000000042e-03,-0.000000000000000000e+00,-4.000000000000000083e-03,-9.340000000000000524e-01,-8.000000000000000167e-03,-3.579999999999999849e-01,0.000000000000000000e+00,0.000000000000000000e+00,0.000000000000000000e+00,-4.000000000000000083e-03,9.812000000000000455e+01,9.843399999999999750e+01
0.000000000000000000e+00,0.000000000000000000e+00,0.000000000000000000e+00,1.000000000000000021e-02,2.000000000000000042e-03,-0.000000000000000000e+00,-4.000000000000000083e-03,-8.910000000000000142e-01,-1.200000000000000025e-02,-4.540000000000000147e-01,2.000000000000000042e-03,-0.000000000000000000e+00,-4.000000000000000083e-03,-8.890000000000000124e-01,-1.799999999999999864e-02,-4.580000000000000182e-01,0.000000000000000000e+00,0.000000000000000000e+00,0.000000000000000000e+00,-4.000000000000000083e-03,9.828000000000000114e+01,9.822700000000000387e+01
0.000000000000000000e+00,0.000000000000000000e+00,0.000000000000000000e+00,1.099999999999999936e-02,2.000000000000000042e-03,-0.000000000000000000e+00,-5.000000000000000104e-03,-9.030000000000000249e-01,-8.000000000000000167e-03,-4.289999999999999925e-01,2.000000000000000042e-03,-0.000000000000000000e+00,-5.000000000000000104e-03,-8.910000000000000142e-01,-1.799999999999999864e-02,-4.540000000000000147e-01,0.000000000000000000e+00,0.000000000000000000e+00,0.000000000000000000e+00,-5.000000000000000104e-03,9.779800000000000182e+01,9.782299999999999329e+01
0.000000000000000000e+00,0.000000000000000000e+00,0.000000000000000000e+00,1.200000000000000025e-02,2.000000000000000042e-03,-0.000000000000000000e+00,-4.000000000000000083e-03,-8.800000000000000044e-01,-2.000000000000000042e-02,-4.749999999999999778e-01,3.000000000000000062e-03,-0.000000000000000000e+00,-4.000000000000000083e-03,-8.589999999999999858e-01,-2.000000000000000042e-02,-5.120000000000000107e-01,0.000000000000000000e+00,0.000000000000000000e+00,0.000000000000000000e+00,-4.000000000000000083e-03,9.776099999999999568e+01,9.770799999999999841e+01
0.000000000000000000e+00,0.000000000000000000e+00,0.000000000000000000e+00,1.299999999999999940e-02,3.000000000000000062e-03,-0.000000000000000000e+00,-4.000000000000000083e-03,-8.359999999999999654e-01,-3.200000000000000067e-02,-5.480000000000000426e-01,2.000000000000000042e-03,-0.000000000000000000e+00,-4.000000000000000083e-03,-8.689999999999999947e-01,-2.599999999999999881e-02,-4.949999999999999956e-01,0.000000000000000000e+00,0.000000000000000000e+00,0.000000000000000000e+00,-4.000000000000000083e-03,9.754200000000000159e+01,9.745900000000000318e+01
0.000000000000000000e+00,0.000000000000000000e+00,0.000000000000000000e+00,1.400000000000000029e-02,-0.000000000000000000e+00,-0.000000000000000000e+00,1.600000000000000033e-02,1.000000000000000000e+00,-1.099999999999999936e-02,2.699999999999999969e-02,-0.000000000000000000e+00,-0.000000000000000000e+00,1.499999999999999944e-02,1.000000000000000000e+00,-4.000000000000000083e-03,2.299999999999999961e-02,0.000000000000000000e+00,0.000000000000000000e+00,0.000000000000000000e+00,1.499999999999999944e-02,9.989000000000000057e+01,9.989499999999999602e+01
0.000000000000000000e+00,0.000000000000000000e+00,0.000000000000000000e+00,1.499999999999999944e-02,-0.000000000000000000e+00,-0.000000000000000000e+00,1.600000000000000033e-02,1.000000000000000000e+00,-7.000000000000000146e-03,1.899999999999999953e-02,-0.000000000000000000e+00,-0.000000000000000000e+00,1.600000000000000033e-02,1.000000000000000000e+00,-7.000000000000000146e-03,1.700000000000000122e-02,0.000000000000000000e+00,0.000000000000000000e+00,0.000000000000000000e+00,1.600000000000000033e-02,9.991200000000000614e+01,9.991800000000000637e+01
0.000000000000000000e+00,0.000000000000000000e+00,0.000000000000000000e+00,1.600000000000000033e-02,-0.000000000000000000e+00,-0.000000000000000000e+00,1.700000000000000122e-02,1.000000000000000000e+00,-7.000000000000000146e-03,1.400000000000000029e-02,-0.000000000000000000e+00,-0.000000000000000000e+00,1.700000000000000122e-02,1.000000000000000000e+00,-7.000000000000000146e-03,8.000000000000000167e-03,0.000000000000000000e+00,0.000000000000000000e+00,0.000000000000000000e+00,1.700000000000000122e-02,9.993399999999999750e+01,9.992199999999999704e+01
0.000000000000000000e+00,0.000000000000000000e+00,0.000000000000000000e+00,1.700000000000000122e-02,-0.000000000000000000e+00,-0.000000000000000000e+00,1.799999999999999864e-02,1.000000000000000000e+00,-8.000000000000000167e-03,1.000000000000000021e-02,-0.000000000000000000e+00,-0.000000000000000000e+00,1.799999999999999864e-02,1.000000000000000000e+00,-2.000000000000000042e-03,1.299999999999999940e-02,0.000000000000000000e+00,0.000000000000000000e+00,0.000000000000000000e+00,1.799999999999999864e-02,9.993800000000000239e+01,9.992799999999999727e+01
0.000000000000000000e+00,0.000000000000000000e+00,0.000000000000000000e+00,1.799999999999999864e-02,-0.000000000000000000e+00,-0.000000000000000000e+00,1.799999999999999864e-02,1.000000000000000000e+00,-7.000000000000000146e-03,8.000000000000000167e-03,0.000000000000000000e+00,-0.000000000000000000e+00,1.799999999999999864e-02,1.000000000000000000e+00,-7.000000000000000146e-03,-1.000000000000000021e-03,0.000000000000000000e+00,0.000000000000000000e+00,0.000000000000000000e+00,1.799999999999999864e-02,9.995600000000000307e+01,9.994199999999999307e+01
0.000000000000000000e+00,0.000000000000000000e+00,0.000000000000000000e+00,1.899999999999999953e-02,-0.000000000000000000e+00,-0.000000000000000000e+00,2.000000000000000042e-02,1.000000000000000000e+00,-4.000000000000000083e-03,7.000000000000000146e-03,-0.000000000000000000e+00,0.000000000000000000e+00,1.899999999999999953e-02,1.000000000000000000e+00,-6.000000000000000125e-03,5.000000000000000104e-03,0.000000000000000000e+00,0.000000000000000000e+00,0.000000000000000000e+00,1.899999999999999953e-02,9.994700000000000273e+01,9.993899999999999295e+01
0.000000000000000000e+00,0.000000000000000000e+00,0.000000000000000000e+00,2.000000000000000042e-02,-0.000000000000000000e+00,-0.000000000000000000e+00,2.000000000000000042e-02,1.000000000000000000e+00,-6.000000000000000125e-03,2.000000000000000042e-03,-0.000000000000000000e+00,-0.000000000000000000e+00,2.000000000000000042e-02,1.000000000000000000e+00,-5.000000000000000104e-03,2.000000000000000042e-03,0.000000000000000000e+00,0.000000000000000000e+00,0.000000000000000000e+00,2.000000000000000042e-02,9.996299999999999386e+01,9.995300000000000296e+01
0.000000000000000000e+00,0.000000000000000000e+00,0.000000000000000000e+00,2.100000000000000130e-02,0.000000000000000000e+00,-0.000000000000000000e+00,2.100000000000000130e-02,1.000000000000000000e+00,-6.000000000000000125e-03,-1.000000000000000021e-03,-0.000000000000000000e+00,-0.000000000000000000e+00,2.100000000000000130e-02,1.000000000000000000e+00,-7.000000000000000146e-03,6.000000000000000125e-03,0.000000000000000000e+00,0.000000000000000000e+00,0.000000000000000000e+00,2.100000000000000130e-02,9.996200000000000330e+01,9.994599999999999795e+01
0.000000000000000000e+00,0.000000000000000000e+00,0.000000000000000000e+00,2.199999999999999872e-02,-0.000000000000000000e+00,-0.000000000000000000e+00,2.299999999999999961e-02,1.000000000000000000e+00,-8.999999999999999320e-03,2.000000000000000042e-03,0.000000000000000000e+00,-0.000000000000000000e+00,2.199999999999999872e-02,1.000000000000000000e+00,-6.000000000000000125e-03,-0.000000000000000000e+00,0.000000000000000000e+00,0.000000000000000000e+00,0.000000000000000000e+00,2.199999999999999872e-02,9.996299999999999386e+01,9.995399999999999352e+01
0.000000000000000000e+00,0.000000000000000000e+00,0.000000000000000000e+00,2.299999999999999961e-02,-0.000000000000000000e+00,-0.000000000000000000e+00,2.299999999999999961e-02,1.000000000000000000e+00,-5.000000000000000104e-03,3.000000000000000062e-03,0.000000000000000000e+00,-0.000000000000000000e+00,2.400000000000000050e-02,1.000000000000000000e+00,-5.000000000000000104e-03,-0.000000000000000000e+00,0.000000000000000000e+00,0.000000000000000000e+00,0.000000000000000000e+00,2.400000000000000050e-02,9.996999999999999886e+01,9.994700000000000273e+01
0.000000000000000000e+00,0.000000000000000000e+00,0.000000000000000000e+00,2.400000000000000050e-02,-0.000000000000000000e+00,0.000000000000000000e+00,2.400000000000000050e-02,1.000000000000000000e+00,-7.000000000000000146e-03,1.000000000000000021e-03,-0.000000000000000000e+00,0.000000000000000000e+00,2.400000000000000050e-02,1.000000000000000000e+00,-5.000000000000000104e-03,4.000000000000000083e-03,0.000000000000000000e+00,0.000000000000000000e+00,0.000000000000000000e+00,2.400000000000000050e-02,9.997299999999999898e+01,9.995300000000000296e+01
0.000000000000000000e+00,0.000000000000000000e+00,0.000000000000000000e+00,2.500000000000000139e-02,0.000000000000000000e+00,-0.000000000000000000e+00,2.500000000000000139e-02,1.000000000000000000e+00,-8.000000000000000167e-03,-0.000000000000000000e+00,-0.000000000000000000e+00,-0.000000000000000000e+00,2.500000000000000139e-02,1.000000000000000000e+00,-4.000000000000000083e-03,4.000000000000000083e-03,0.000000000000000000e+00,0.000000000000000000e+00,0.000000000000000000e+00,2.500000000000000139e-02,9.997700000000000387e+01,9.995799999999999841e+01
0.000000000000000000e+00,0.000000000000000000e+00,0.000000000000000000e+00,2.599999999999999881e-02,-0.000000000000000000e+00,0.000000000000000000e+00,2.599999999999999881e-02,1.000000000000000000e+00,-7.000000000000000146e-03,4.000000000000000083e-03,0.000000000000000000e+00,0.000000000000000000e+00,2.599999999999999881e-02,1.000000000000000000e+00,-5.000000000000000104e-03,-4.000000000000000083e-03,0.000000000000000000e+00,0.000000000000000000e+00,0.000000000000000000e+00,2.599999999999999881e-02,9.997100000000000364e+01,9.996200000000000330e+01
0.000000000000000000e+00,0.000000000000000000e+00,0.000000000000000000e+00,2.699999999999999969e-02,-0.000000000000000000e+00,-0.000000000000000000e+00,2.699999999999999969e-02,1.000000000000000000e+00,-8.000000000000000167e-03,2.000000000000000042e-03,0.000000000000000000e+00,0.000000000000000000e+00,2.699999999999999969e-02,1.000000000000000000e+00,-5.000000000000000104e-03,-1.000000000000000021e-03,0.000000000000000000e+00,0.000000000000000000e+00,0.000000000000000000e+00,2.699999999999999969e-02,9.997499999999999432e+01,9.995600000000000307e+01
0.000000000000000000e+00,0.000000000000000000e+00,0.000000000000000000e+00,2.800000000000000058e-02,-0.000000000000000000e+00,-0.000000000000000000e+00,2.800000000000000058e-02,1.000000000000000000e+00,-6.000000000000000125e-03,2.000000000000000042e-03,-0.000000000000000000e+00,-0.000000000000000000e+00,2.800000000000000058e-02,1.000000000000000000e+00,-6.000000000000000125e-03,2.000000000000000042e-03,0.000000000000000000e+00,0.000000000000000000e+00,0.000000000000000000e+00,2.800000000000000058e-02,9.998000000000000398e+01,9.995900000000000318e+01
0.000000000000000000e+00,0.000000000000000000e+00,0.000000000000000000e+00,2.900000000000000147e-02,-0.000000000000000000e+00,-0.000000000000000000e+00,2.900000000000000147e-02,1.000000000000000000e+00,-5.000000000000000104e-03,1.000000000000000021e-03,0.000000000000000000e+00,0.000000000000000000e+00,2.900000000000000147e-02,1.000000000000000000e+00,-4.000000000000000083e-03,-1.000000000000000021e-03,0.000000000000000000e+00,0.000000000000000000e+00,0.000000000000000000e+00,2.900000000000000147e-02,9.997799999999999443e+01,9.995799999999999841e+01
0.000000000000000000e+00,0.000000000000000000e+00,0.000000000000000000e+00,2.999999999999999889e-02,0.000000000000000000e+00,0.000000000000000000e+00,2.999999999999999889e-02,1.000000000000000000e+00,-7.000000000000000146e-03,-1.000000000000000021e-03,0.000000000000000000e+00,0.000000000000000000e+00,2.999999999999999889e-02,1.000000000000000000e+00,-5.000000000000000104e-03,-3.000000000000000062e-03,0.000000000000000000e+00,0.000000000000000000e+00,0.000000000000000000e+00,2.999999999999999889e-02,9.998099999999999454e+01,9.996500000000000341e+01
0.000000000000000000e+00,0.000000000000000000e+00,0.000000000000000000e+00,3.099999999999999978e-02,-0.000000000000000000e+00,-0.000000000000000000e+00,3.099999999999999978e-02,1.000000000000000000e+00,-5.000000000000000104e-03,0.000000000000000000e+00,0.000000000000000000e+00,0.000000000000000000e+00,3.099999999999999978e-02,1.000000000000000000e+00,-5.000000000000000104e-03,-1.000000000000000021e-03,0.000000000000000000e+00,0.000000000000000000e+00,0.000000000000000000e+00,3.099999999999999978e-02,9.998199999999999932e+01,9.996500000000000341e+01
0.000000000000000000e+00,0.000000000000000000e+00,0.000000000000000000e+00,3.200000000000000067e-02,-0.000000000000000000e+00,0.000000000000000000e+00,3.200000000000000067e-02,1.000000000000000000e+00,-6.000000000000000125e-03,3.000000000000000062e-03,0.000000000000000000e+00,-0.000000000000000000e+00,3.200000000000000067e-02,1.000000000000000000e+00,-4.000000000000000083e-03,-0.000000000000000000e+00,0.000000000000000000e+00,0.000000000000000000e+00,0.000000000000000000e+00,3.200000000000000067e-02,9.998199999999999932e+01,9.996399999999999864e+01
0.000000000000000000e+00,0.000000000000000000e+00,0.000000000000000000e+00,3.300000000000000155e-02,-0.000000000000000000e+00,-0.000000000000000000e+00,3.300000000000000155e-02,1.000000000000000000e+00,-7.000000000000000146e-03,2.000000000000000042e-03,0.000000000000000000e+00,0.000000000000000000e+00,3.300000000000000155e-02,1.000000000000000000e+00,-6.000000000000000125e-03,-0.000000000000000000e+00,0.000000000000000000e+00,0.000000000000000000e+00,0.000000000000000000e+00,3.300000000000000155e-02,9.998099999999999454e+01,9.996099999999999852e+01
0.000000000000000000e+00,0.000000000000000000e+00,0.000000000000000000e+00,3.400000000000000244e-02,-0.000000000000000000e+00,-0.000000000000000000e+00,3.400000000000000244e-02,1.000000000000000000e+00,-7.000000000000000146e-03,3.000000000000000062e-03,-0.000000000000000000e+00,-0.000000000000000000e+00,3.400000000000000244e-02,1.000000000000000000e+00,-6.000000000000000125e-03,1.000000000000000021e-03,0.000000000000000000e+00,0.000000000000000000e+00,0.000000000000000000e+00,3.400000000000000244e-02,9.998199999999999932e+01,9.996399999999999864e+01
0.000000000000000000e+00,0.000000000000000000e+00,0.000000000000000000e+00,3.500000000000000333e-02,-0.000000000000000000e+00,-0.000000000000000000e+00,3.500000000000000333e-02,1.000000000000000000e+00,-8.000000000000000167e-03,3.000000000000000062e-03,0.000000000000000000e+00,0.000000000000000000e+00,3.500000000000000333e-02,1.000000000000000000e+00,-5.000000000000000104e-03,-1.000000000000000021e-03,0.000000000000000000e+00,0.000000000000000000e+00,0.000000000000000000e+00,3.500000000000000333e-02,9.998600000000000421e+01,9.996299999999999386e+01
0.000000000000000000e+00,0.000000000000000000e+00,0.000000000000000000e+00,3.599999999999999728e-02,0.000000000000000000e+00,-0.000000000000000000e+00,3.599999999999999728e-02,1.000000000000000000e+00,-6.000000000000000125e-03,-1.000000000000000021e-03,-0.000000000000000000e+00,-0.000000000000000000e+00,3.599999999999999728e-02,1.000000000000000000e+00,-5.000000000000000104e-03,1.000000000000000021e-03,0.000000000000000000e+00,0.000000000000000000e+00,0.000000000000000000e+00,3.599999999999999728e-02,9.998499999999999943e+01,9.996599999999999397e+01
0.000000000000000000e+00,0.000000000000000000e+00,0.000000000000000000e+00,3.699999999999999817e-02,0.000000000000000000e+00,0.000000000000000000e+00,3.699999999999999817e-02,1.000000000000000000e+00,-7.000000000000000146e-03,-2.000000000000000042e-03,0.000000000000000000e+00,0.000000000000000000e+00,3.699999999999999817e-02,1.000000000000000000e+00,-6.000000000000000125e-03,-1.000000000000000021e-03,0.000000000000000000e+00,0.000000000000000000e+00,0.000000000000000000e+00,3.699999999999999817e-02,9.998300000000000409e+01,9.996599999999999397e+01
0.000000000000000000e+00,0.000000000000000000e+00,0.000000000000000000e+00,3.799999999999999906e-02,0.000000000000000000e+00,0.000000000000000000e+00,3.799999999999999906e-02,1.000000000000000000e+00,-5.000000000000000104e-03,-0.000000000000000000e+00,0.000000000000000000e+00,0.000000000000000000e+00,3.799999999999999906e-02,1.000000000000000000e+00,-5.000000000000000104e-03,-1.000000000000000021e-03,0.000000000000000000e+00,0.000000000000000000e+00,0.000000000000000000e+00,3.799999999999999906e-02,9.998699999999999477e+01,9.996599999999999397e+01
0.000000000000000000e+00,0.000000000000000000e+00,0.000000000000000000e+00,3.899999999999999994e-02,-0.000000000000000000e+00,-0.000000000000000000e+00,3.899999999999999994e-02,1.000000000000000000e+00,-7.000000000000000146e-03,1.000000000000000021e-03,0.000000000000000000e+00,0.000000000000000000e+00,3.899999999999999994e-02,1.000000000000000000e+00,-6.000000000000000125e-03,-0.000000000000000000e+00,0.000000000000000000e+00,0.000000000000000000e+00,0.000000000000000000e+00,3.899999999999999994e-02,9.998699999999999477e+01,9.996200000000000330e+01
0.000000000000000000e+00,0.000000000000000000e+00,0.000000000000000000e+00,4.000000000000000083e-02,-0.000000000000000000e+00,-0.000000000000000000e+00,4.000000000000000083e-02,1.000000000000000000e+00,-7.000000000000000146e-03,0.000000000000000000e+00,-0.000000000000000000e+00,-0.000000000000000000e+00,4.000000000000000083e-02,1.000000000000000000e+00,-7.000000000000000146e-03,0.000000000000000000e+00,0.000000000000000000e+00,0.000000000000000000e+00,0.000000000000000000e+00,4.000000000000000083e-02,9.998699999999999477e+01,9.996399999999999864e+01
0.000000000000000000e+00,0.000000000000000000e+00,0.000000000000000000e+00,4.100000000000000172e-02,-0.000000000000000000e+00,-0.000000000000000000e+00,4.100000000000000172e-02,1.000000000000000000e+00,-7.000000000000000146e-03,1.000000000000000021e-03,-0.000000000000000000e+00,-0.000000000000000000e+00,4.100000000000000172e-02,1.000000000000000000e+00,-6.000000000000000125e-03,0.000000000000000000e+00,0.000000000000000000e+00,0.000000000000000000e+00,0.000000000000000000e+00,4.100000000000000172e-02,9.998799999999999955e+01,9.996299999999999386e+01
0.000000000000000000e+00,0.000000000000000000e+00,0.000000000000000000e+00,4.200000000000000261e-02,-0.000000000000000000e+00,-0.000000000000000000e+00,4.200000000000000261e-02,1.000000000000000000e+00,-8.000000000000000167e-03,0.000000000000000000e+00,0.000000000000000000e+00,0.000000000000000000e+00,4.200000000000000261e-02,1.000000000000000000e+00,-5.000000000000000104e-03,-0.000000000000000000e+00,0.000000000000000000e+00,0.000000000000000000e+00,0.000000000000000000e+00,4.200000000000000261e-02,9.998900000000000432e+01,9.995999999999999375e+01
0.000000000000000000e+00,0.000000000000000000e+00,0.000000000000000000e+00,4.299999999999999656e-02,0.000000000000000000e+00,0.000000000000000000e+00,4.299999999999999656e-02,1.000000000000000000e+00,-6.000000000000000125e-03,-0.000000000000000000e+00,0.000000000000000000e+00,-0.000000000000000000e+00,4.299999999999999656e-02,1.000000000000000000e+00,-5.000000000000000104e-03,-1.000000000000000021e-03,0.000000000000000000e+00,0.000000000000000000e+00,0.000000000000000000e+00,4.299999999999999656e-02,9.998699999999999477e+01,9.996500000000000341e+01
0.000000000000000000e+00,0.000000000000000000e+00,0.000000000000000000e+00,4.399999999999999745e-02,-0.000000000000000000e+00,-0.000000000000000000e+00,4.399999999999999745e-02,1.000000000000000000e+00,-8.000000000000000167e-03,1.000000000000000021e-03,0.000000000000000000e+00,-0.000000000000000000e+00,4.399999999999999745e-02,1.000000000000000000e+00,-6.000000000000000125e-03,-2.000000000000000042e-03,0.000000000000000000e+00,0.000000000000000000e+00,0.000000000000000000e+00,4.399999999999999745e-02,9.998900000000000432e+01,9.996299999999999386e+01
0.000000000000000000e+00,0.000000000000000000e+00,0.000000000000000000e+00,4.499999999999999833e-02,0.000000000000000000e+00,-0.000000000000000000e+00,4.499999999999999833e-02,1.000000000000000000e+00,-6.000000000000000125e-03,-1.000000000000000021e-03,0.000000000000000000e+00,-0.000000000000000000e+00,4.499999999999999833e-02,1.000000000000000000e+00,-5.000000000000000104e-03,-1.000000000000000021e-03,0.000000000000000000e+00,0.000000000000000000e+00,0.000000000000000000e+00,4.499999999999999833e-02,9.998999999999999488e+01,9.996399999999999864e+01
0.000000000000000000e+00,0.000000000000000000e+00,0.000000000000000000e+00,4.599999999999999922e-02,0.000000000000000000e+00,0.000000000000000000e+00,4.599999999999999922e-02,1.000000000000000000e+00,-7.000000000000000146e-03,-0.000000000000000000e+00,0.000000000000000000e+00,-0.000000000000000000e+00,4.599999999999999922e-02,1.000000000000000000e+00,-5.000000000000000104e-03,-0.000000000000000000e+00,0.000000000000000000e+00,0.000000000000000000e+00,0.000000000000000000e+00,4.599999999999999922e-02,9.998799999999999955e+01,9.996200000000000330e+01
0.000000000000000000e+00,0.000000000000000000e+00,0.000000000000000000e+00,4.700000000000000011e-02,0.000000000000000000e+00,0.000000000000000000e+00,4.700000000000000011e-02,1.000000000000000000e+00,-7.000000000000000146e-03,-1.000000000000000021e-03,0.000000000000000000e+00,-0.000000000000000000e+00,4.700000000000000011e-02,1.000000000000000000e+00,-6.000000000000000125e-03,-2.000000000000000042e-03,0.000000000000000000e+00,0.000000000000000000e+00,0.000000000000000000e+00,4.700000000000000011e-02,9.998999999999999488e+01,9.996399999999999864e+01
0.000000000000000000e+00,0.000000000000000000e+00,0.000000000000000000e+00,4.800000000000000100e-02,-0.000000000000000000e+00,0.000000000000000000e+00,4.800000000000000100e-02,1.000000000000000000e+00,-6.000000000000000125e-03,1.000000000000000021e-03,-0.000000000000000000e+00,0.000000000000000000e+00,4.800000000000000100e-02,1.000000000000000000e+00,-7.000000000000000146e-03,0.000000000000000000e+00,0.000000000000000000e+00,0.000000000000000000e+00,0.000000000000000000e+00,4.800000000000000100e-02,9.998900000000000432e+01,9.996099999999999852e+01
0.000000000000000000e+00,0.000000000000000000e+00,0.000000000000000000e+00,4.900000000000000189e-02,-0.000000000000000000e+00,-0.000000000000000000e+00,4.900000000000000189e-02,1.000000000000000000e+00,-7.000000000000000146e-03,0.000000000000000000e+00,0.000000000000000000e+00,0.000000000000000000e+00,4.900000000000000189e-02,1.000000000000000000e+00,-7.000000000000000146e-03,-2.000000000000000042e-03,0.000000000000000000e+00,0.000000000000000000e+00,0.000000000000000000e+00,4.900000000000000189e-02,9.998999999999999488e+01,9.996200000000000330e+01
0.000000000000000000e+00,0.000000000000000000e+00,0.000000000000000000e+00,5.000000000000000278e-02,-0.000000000000000000e+00,-0.000000000000000000e+00,5.000000000000000278e-02,1.000000000000000000e+00,-7.000000000000000146e-03,1.000000000000000021e-03,0.000000000000000000e+00,0.000000000000000000e+00,5.000000000000000278e-02,1.000000000000000000e+00,-5.000000000000000104e-03,-2.000000000000000042e-03,0.000000000000000000e+00,0.000000000000000000e+00,0.000000000000000000e+00,5.000000000000000278e-02,9.998999999999999488e+01,9.995999999999999375e+01
0.000000000000000000e+00,0.000000000000000000e+00,0.000000000000000000e+00,5.099999999999999672e-02,-0.000000000000000000e+00,-0.000000000000000000e+00,5.099999999999999672e-02,1.000000000000000000e+00,-7.000000000000000146e-03,1.000000000000000021e-03,0.000000000000000000e+00,-0.000000000000000000e+00,5.099999999999999672e-02,1.000000000000000000e+00,-6.000000000000000125e-03,-0.000000000000000000e+00,0.000000000000000000e+00,0.000000000000000000e+00,0.000000000000000000e+00,5.099999999999999672e-02,9.999099999999999966e+01,9.996500000000000341e+01
0.000000000000000000e+00,0.000000000000000000e+00,0.000000000000000000e+00,5.199999999999999761e-02,0.000000000000000000e+00,0.000000000000000000e+00,5.199999999999999761e-02,1.000000000000000000e+00,-7.000000000000000146e-03,-1.000000000000000021e-03,-0.000000000000000000e+00,0.000000000000000000e+00,5.199999999999999761e-02,1.000000000000000000e+00,-6.000000000000000125e-03,0.000000000000000000e+00,0.000000000000000000e+00,0.000000000000000000e+00,0.000000000000000000e+00,5.199999999999999761e-02,9.998999999999999488e+01,9.995799999999999841e+01
0.000000000000000000e+00,0.000000000000000000e+00,0.000000000000000000e+00,5.299999999999999850e-02,0.000000000000000000e+00,-0.000000000000000000e+00,5.299999999999999850e-02,1.000000000000000000e+00,-5.000000000000000104e-03,-0.000000000000000000e+00,-0.000000000000000000e+00,-0.000000000000000000e+00,5.299999999999999850e-02,1.000000000000000000e+00,-6.000000000000000125e-03,0.000000000000000000e+00,0.000000000000000000e+00,0.000000000000000000e+00,0.000000000000000000e+00,5.299999999999999850e-02,9.999200000000000443e+01,9.995999999999999375e+01
0.000000000000000000e+00,0.000000000000000000e+00,0.000000000000000000e+00,5.399999999999999939e-02,-0.000000000000000000e+00,0.000000000000000000e+00,5.399999999999999939e-02,1.000000000000000000e+00,-6.000000000000000125e-03,0.000000000000000000e+00,-0.000000000000000000e+00,0.000000000000000000e+00,5.399999999999999939e-02,1.000000000000000000e+00,-7.000000000000000146e-03,0.000000000000000000e+00,0.000000000000000000e+00,0.000000000000000000e+00,0.000000000000000000e+00,5.399999999999999939e-02,9.999099999999999966e+01,9.995799999999999841e+01
0.000000000000000000e+00,0.000000000000000000e+00,0.000000000000000000e+00,5.500000000000000028e-02,-0.000000000000000000e+00,0.000000000000000000e+00,5.500000000000000028e-02,1.000000000000000000e+00,-7.000000000000000146e-03,0.000000000000000000e+00,0.000000000000000000e+00,0.000000000000000000e+00,5.500000000000000028e-02,1.000000000000000000e+00,-7.000000000000000146e-03,-1.000000000000000021e-03,0.000000000000000000e+00,0.000000000000000000e+00,0.000000000000000000e+00,5.500000000000000028e-02,9.999099999999999966e+01,9.996099999999999852e+01
0.000000000000000000e+00,0.000000000000000000e+00,0.000000000000000000e+00,5.600000000000000117e-02,0.000000000000000000e+00,-0.000000000000000000e+00,5.600000000000000117e-02,1.000000000000000000e+00,-7.000000000000000146e-03,-0.000000000000000000e+00,0.000000000000000000e+00,0.000000000000000000e+00,5.600000000000000117e-02,1.000000000000000000e+00,-5.000000000000000104e-03,-1.000000000000000021e-03,0.000000000000000000e+00,0.000000000000000000e+00,0.000000000000000000e+00,5.600000000000000117e-02,9.998999999999999488e+01,9.995900000000000318e+01
0.000000000000000000e+00,0.000000000000000000e+00,0.000000000000000000e+00,5.700000000000000205e-02,0.000000000000000000e+00,-0.000000000000000000e+00,5.700000000000000205e-02,1.000000000000000000e+00,-7.000000000000000146e-03,-1.000000000000000021e-03,0.000000000000000000e+00,-0.000000000000000000e+00,5.700000000000000205e-02,1.000000000000000000e+00,-6.000000000000000125e-03,-0.000000000000000000e+00,0.000000000000000000e+00,0.000000000000000000e+00,0.000000000000000000e+00,5.700000000000000205e-02,9.999099999999999966e+01,9.995999999999999375e+01
0.000000000000000000e+00,0.000000000000000000e+00,0.000000000000000000e+00,5.800000000000000294e-02,0.000000000000000000e+00,-0.000000000000000000e+00,5.800000000000000294e-02,1.000000000000000000e+00,-7.000000000000000146e-03,-0.000000000000000000e+00,0.000000000000000000e+00,0.000000000000000000e+00,5.800000000000000294e-02,1.000000000000000000e+00,-7.000000000000000146e-03,-1.000000000000000021e-03,0.000000000000000000e+00,0.000000000000000000e+00,0.000000000000000000e+00,5.800000000000000294e-02,9.999099999999999966e+01,9.995900000000000318e+01
0.000000000000000000e+00,0.000000000000000000e+00,0.000000000000000000e+00,5.899999999999999689e-02,-0.000000000000000000e+00,0.000000000000000000e+00,5.899999999999999689e-02,1.000000000000000000e+00,-6.000000000000000125e-03,0.000000000000000000e+00,0.000000000000000000e+00,-0.000000000000000000e+00,5.899999999999999689e-02,1.000000000000000000e+00,-7.000000000000000146e-03,-1.000000000000000021e-03,0.000000000000000000e+00,0.000000000000000000e+00,0.000000000000000000e+00,5.899999999999999689e-02,9.999200000000000443e+01,9.995600000000000307e+01
0.000000000000000000e+00,0.000000000000000000e+00,0.000000000000000000e+00,5.999999999999999778e-02,-0.000000000000000000e+00,0.000000000000000000e+00,5.999999999999999778e-02,1.000000000000000000e+00,-7.000000000000000146e-03,0.000000000000000000e+00,0.000000000000000000e+00,0.000000000000000000e+00,5.999999999999999778e-02,1.000000000000000000e+00,-7.000000000000000146e-03,-1.000000000000000021e-03,0.000000000000000000e+00,0.000000000000000000e+00,0.000000000000000000e+00,5.999999999999999778e-02,9.999099999999999966e+01,9.995799999999999841e+01
0.000000000000000000e+00,0.000000000000000000e+00,0.000000000000000000e+00,6.099999999999999867e-02,0.000000000000000000e+00,0.000000000000000000e+00,6.099999999999999867e-02,1.000000000000000000e+00,-7.000000000000000146e-03,-1.000000000000000021e-03,0.000000000000000000e+00,-0.000000000000000000e+00,6.099999999999999867e-02,1.000000000000000000e+00,-8.000000000000000167e-03,-1.000000000000000021e-03,0.000000000000000000e+00,0.000000000000000000e+00,0.000000000000000000e+00,6.099999999999999867e-02,9.999200000000000443e+01,9.995699999999999363e+01
0.000000000000000000e+00,0.000000000000000000e+00,0.000000000000000000e+00,6.199999999999999956e-02,-0.000000000000000000e+00,-0.000000000000000000e+00,6.199999999999999956e-02,1.000000000000000000e+00,-7.000000000000000146e-03,0.000000000000000000e+00,0.000000000000000000e+00,-0.000000000000000000e+00,6.199999999999999956e-02,1.000000000000000000e+00,-7.000000000000000146e-03,-0.000000000000000000e+00,0.000000000000000000e+00,0.000000000000000000e+00,0.000000000000000000e+00,6.199999999999999956e-02,9.999200000000000443e+01,9.995600000000000307e+01
0.000000000000000000e+00,0.000000000000000000e+00,0.000000000000000000e+00,6.300000000000000044e-02,0.000000000000000000e+00,-0.000000000000000000e+00,6.300000000000000044e-02,1.000000000000000000e+00,-7.000000000000000146e-03,-1.000000000000000021e-03,0.000000000000000000e+00,0.000000000000000000e+00,6.300000000000000044e-02,1.000000000000000000e+00,-7.000000000000000146e-03,-1.000000000000000021e-03,0.000000000000000000e+00,0.000000000000000000e+00,0.000000000000000000e+00,6.300000000000000044e-02,9.999299999999999500e+01,9.995399999999999352e+01
0.000000000000000000e+00,0.000000000000000000e+00,0.000000000000000000e+00,6.400000000000000133e-02,-0.000000000000000000e+00,-0.000000000000000000e+00,6.400000000000000133e-02,1.000000000000000000e+00,-7.000000000000000146e-03,0.000000000000000000e+00,0.000000000000000000e+00,-0.000000000000000000e+00,6.400000000000000133e-02,1.000000000000000000e+00,-8.000000000000000167e-03,-1.000000000000000021e-03,0.000000000000000000e+00,0.000000000000000000e+00,0.000000000000000000e+00,6.400000000000000133e-02,9.999200000000000443e+01,9.995900000000000318e+01
0.000000000000000000e+00,0.000000000000000000e+00,0.000000000000000000e+00,6.500000000000000222e-02,-0.000000000000000000e+00,-0.000000000000000000e+00,6.500000000000000222e-02,1.000000000000000000e+00,-7.000000000000000146e-03,0.000000000000000000e+00,0.000000000000000000e+00,-0.000000000000000000e+00,6.500000000000000222e-02,1.000000000000000000e+00,-7.000000000000000146e-03,-1.000000000000000021e-03,0.000000000000000000e+00,0.000000000000000000e+00,0.000000000000000000e+00,6.500000000000000222e-02,9.999299999999999500e+01,9.995600000000000307e+01
0.000000000000000000e+00,0.000000000000000000e+00,0.000000000000000000e+00,6.600000000000000311e-02,0.000000000000000000e+00,0.000000000000000000e+00,6.600000000000000311e-02,1.000000000000000000e+00,-7.000000000000000146e-03,-0.000000000000000000e+00,0.000000000000000000e+00,-0.000000000000000000e+00,6.600000000000000311e-02,1.000000000000000000e+00,-7.000000000000000146e-03,-0.000000000000000000e+00,0.000000000000000000e+00,0.000000000000000000e+00,0.000000000000000000e+00,6.600000000000000311e-02,9.999299999999999500e+01,9.995799999999999841e+01
0.000000000000000000e+00,0.000000000000000000e+00,0.000000000000000000e+00,6.700000000000000400e-02,-0.000000000000000000e+00,-0.000000000000000000e+00,6.700000000000000400e-02,1.000000000000000000e+00,-7.000000000000000146e-03,1.000000000000000021e-03,0.000000000000000000e+00,-0.000000000000000000e+00,6.700000000000000400e-02,1.000000000000000000e+00,-8.000000000000000167e-03,-0.000000000000000000e+00,0.000000000000000000e+00,0.000000000000000000e+00,0.000000000000000000e+00,6.700000000000000400e-02,9.999200000000000443e+01,9.995399999999999352e+01
0.000000000000000000e+00,0.000000000000000000e+00,0.000000000000000000e+00,6.800000000000000488e-02,-0.000000000000000000e+00,0.000000000000000000e+00,6.800000000000000488e-02,1.000000000000000000e+00,-6.000000000000000125e-03,1.000000000000000021e-03,0.000000000000000000e+00,0.000000000000000000e+00,6.800000000000000488e-02,1.000000000000000000e+00,-7.000000000000000146e-03,-0.000000000000000000e+00,0.000000000000000000e+00,0.000000000000000000e+00,0.000000000000000000e+00,6.800000000000000488e-02,9.999200000000000443e+01,9.995499999999999829e+01
0.000000000000000000e+00,0.000000000000000000e+00,0.000000000000000000e+00,6.900000000000000577e-02,0.000000000000000000e+00,-0.000000000000000000e+00,6.900000000000000577e-02,1.000000000000000000e+00,-7.000000000000000146e-03,-1.000000000000000021e-03,-0.000000000000000000e+00,-0.000000000000000000e+00,6.900000000000000577e-02,1.000000000000000000e+00,-8.000000000000000167e-03,0.000000000000000000e+00,0.000000000000000000e+00,0.000000000000000000e+00,0.000000000000000000e+00,6.900000000000000577e-02,9.999200000000000443e+01,9.995300000000000296e+01
0.000000000000000000e+00,0.000000000000000000e+00,0.000000000000000000e+00,7.000000000000000666e-02,-0.000000000000000000e+00,0.000000000000000000e+00,7.000000000000000666e-02,1.000000000000000000e+00,-6.000000000000000125e-03,0.000000000000000000e+00,0.000000000000000000e+00,-0.000000000000000000e+00,7.000000000000000666e-02,1.000000000000000000e+00,-7.000000000000000146e-03,-0.000000000000000000e+00,0.000000000000000000e+00,0.000000000000000000e+00,0.000000000000000000e+00,7.000000000000000666e-02,9.999299999999999500e+01,9.995000000000000284e+01
0.000000000000000000e+00,0.000000000000000000e+00,0.000000000000000000e+00,7.099999999999999367e-02,0.000000000000000000e+00,-0.000000000000000000e+00,7.099999999999999367e-02,1.000000000000000000e+00,-7.000000000000000146e-03,-1.000000000000000021e-03,0.000000000000000000e+00,0.000000000000000000e+00,7.099999999999999367e-02,1.000000000000000000e+00,-8.000000000000000167e-03,-1.000000000000000021e-03,0.000000000000000000e+00,0.000000000000000000e+00,0.000000000000000000e+00,7.099999999999999367e-02,9.999299999999999500e+01,9.995399999999999352e+01
0.000000000000000000e+00,0.000000000000000000e+00,0.000000000000000000e+00,7.199999999999999456e-02,-0.000000000000000000e+00,0.000000000000000000e+00,7.199999999999999456e-02,1.000000000000000000e+00,-7.000000000000000146e-03,0.000000000000000000e+00,0.000000000000000000e+00,0.000000000000000000e+00,7.199999999999999456e-02,1.000000000000000000e+00,-8.999999999999999320e-03,-2.000000000000000042e-03,0.000000000000000000e+00,0.000000000000000000e+00,0.000000000000000000e+00,7.199999999999999456e-02,9.999399999999999977e+01,9.995300000000000296e+01
0.000000000000000000e+00,0.000000000000000000e+00,0.000000000000000000e+00,7.299999999999999545e-02,-0.000000000000000000e+00,0.000000000000000000e+00,7.299999999999999545e-02,1.000000000000000000e+00,-7.000000000000000146e-03,0.000000000000000000e+00,0.000000000000000000e+00,0.000000000000000000e+00,7.299999999999999545e-02,1.000000000000000000e+00,-8.000000000000000167e-03,-1.000000000000000021e-03,0.000000000000000000e+00,0.000000000000000000e+00,0.000000000000000000e+00,7.299999999999999545e-02,9.999399999999999977e+01,9.995199999999999818e+01
0.000000000000000000e+00,0.000000000000000000e+00,0.000000000000000000e+00,7.399999999999999634e-02,-0.000000000000000000e+00,0.000000000000000000e+00,7.399999999999999634e-02,1.000000000000000000e+00,-6.000000000000000125e-03,0.000000000000000000e+00,0.000000000000000000e+00,-0.000000000000000000e+00,7.399999999999999634e-02,1.000000000000000000e+00,-8.000000000000000167e-03,-1.000000000000000021e-03,0.000000000000000000e+00,0.000000000000000000e+00,0.000000000000000000e+00,7.399999999999999634e-02,9.999399999999999977e+01,9.995099999999999341e+01
0.000000000000000000e+00,0.000000000000000000e+00,0.000000000000000000e+00,7.499999999999999722e-02,-0.000000000000000000e+00,0.000000000000000000e+00,7.499999999999999722e-02,1.000000000000000000e+00,-6.000000000000000125e-03,0.000000000000000000e+00,0.000000000000000000e+00,0.000000000000000000e+00,7.499999999999999722e-02,1.000000000000000000e+00,-8.999999999999999320e-03,-1.000000000000000021e-03,0.000000000000000000e+00,0.000000000000000000e+00,0.000000000000000000e+00,7.499999999999999722e-02,9.999299999999999500e+01,9.995000000000000284e+01
0.000000000000000000e+00,0.000000000000000000e+00,0.000000000000000000e+00,7.599999999999999811e-02,-0.000000000000000000e+00,-0.000000000000000000e+00,7.599999999999999811e-02,1.000000000000000000e+00,-6.000000000000000125e-03,0.000000000000000000e+00,0.000000000000000000e+00,0.000000000000000000e+00,7.599999999999999811e-02,1.000000000000000000e+00,-8.000000000000000167e-03,-1.000000000000000021e-03,0.000000000000000000e+00,0.000000000000000000e+00,0.000000000000000000e+00,7.599999999999999811e-02,9.999399999999999977e+01,9.995199999999999818e+01
0.000000000000000000e+00,0.000000000000000000e+00,0.000000000000000000e+00,7.699999999999999900e-02,0.000000000000000000e+00,0.000000000000000000e+00,7.699999999999999900e-02,1.000000000000000000e+00,-7.000000000000000146e-03,-1.000000000000000021e-03,0.000000000000000000e+00,0.000000000000000000e+00,7.699999999999999900e-02,1.000000000000000000e+00,-8.999999999999999320e-03,-1.000000000000000021e-03,0.000000000000000000e+00,0.000000000000000000e+00,0.000000000000000000e+00,7.699999999999999900e-02,9.999399999999999977e+01,9.995199999999999818e+01
0.000000000000000000e+00,0.000000000000000000e+00,0.000000000000000000e+00,7.799999999999999989e-02,-0.000000000000000000e+00,-0.000000000000000000e+00,7.799999999999999989e-02,1.000000000000000000e+00,-7.000000000000000146e-03,1.000000000000000021e-03,0.000000000000000000e+00,0.000000000000000000e+00,7.799999999999999989e-02,1.000000000000000000e+00,-8.000000000000000167e-03,-1.000000000000000021e-03,0.000000000000000000e+00,0.000000000000000000e+00,0.000000000000000000e+00,7.799999999999999989e-02,9.999299999999999500e+01,9.995000000000000284e+01
0.000000000000000000e+00,0.000000000000000000e+00,0.000000000000000000e+00,7.900000000000000078e-02,0.000000000000000000e+00,-0.000000000000000000e+00,7.900000000000000078e-02,1.000000000000000000e+00,-7.000000000000000146e-03,-1.000000000000000021e-03,0.000000000000000000e+00,0.000000000000000000e+00,7.900000000000000078e-02,1.000000000000000000e+00,-7.000000000000000146e-03,-1.000000000000000021e-03,0.000000000000000000e+00,0.000000000000000000e+00,0.000000000000000000e+00,7.900000000000000078e-02,9.999399999999999977e+01,9.995099999999999341e+01
0.000000000000000000e+00,0.000000000000000000e+00,0.000000000000000000e+00,8.000000000000000167e-02,0.000000000000000000e+00,0.000000000000000000e+00,8.000000000000000167e-02,1.000000000000000000e+00,-8.000000000000000167e-03,-0.000000000000000000e+00,0.000000000000000000e+00,0.000000000000000000e+00,8.000000000000000167e-02,1.000000000000000000e+00,-8.999999999999999320e-03,-1.000000000000000021e-03,0.000000000000000000e+00,0.000000000000000000e+00,0.000000000000000000e+00,8.000000000000000167e-02,9.999500000000000455e+01,9.994899999999999807e+01
0.000000000000000000e+00,0.000000000000000000e+00,0.000000000000000000e+00,8.100000000000000255e-02,-0.000000000000000000e+00,0.000000000000000000e+00,8.100000000000000255e-02,1.000000000000000000e+00,-7.000000000000000146e-03,1.000000000000000021e-03,0.000000000000000000e+00,0.000000000000000000e+00,8.100000000000000255e-02,1.000000000000000000e+00,-8.000000000000000167e-03,-1.000000000000000021e-03,0.000000000000000000e+00,0.000000000000000000e+00,0.000000000000000000e+00,8.100000000000000255e-02,9.999399999999999977e+01,9.995099999999999341e+01
0.000000000000000000e+00,0.000000000000000000e+00,0.000000000000000000e+00,8.200000000000000344e-02,-0.000000000000000000e+00,0.000000000000000000e+00,8.200000000000000344e-02,1.000000000000000000e+00,-7.000000000000000146e-03,1.000000000000000021e-03,0.000000000000000000e+00,-0.000000000000000000e+00,8.200000000000000344e-02,1.000000000000000000e+00,-8.000000000000000167e-03,-0.000000000000000000e+00,0.000000000000000000e+00,0.000000000000000000e+00,0.000000000000000000e+00,8.200000000000000344e-02,9.999500000000000455e+01,9.994700000000000273e+01
0.000000000000000000e+00,0.000000000000000000e+00,0.000000000000000000e+00,8.300000000000000433e-02,-0.000000000000000000e+00,0.000000000000000000e+00,8.300000000000000433e-02,1.000000000000000000e+00,-7.000000000000000146e-03,1.000000000000000021e-03,0.000000000000000000e+00,-0.000000000000000000e+00,8.300000000000000433e-02,1.000000000000000000e+00,-8.000000000000000167e-03,-0.000000000000000000e+00,0.000000000000000000e+00,0.000000000000000000e+00,0.000000000000000000e+00,8.300000000000000433e-02,9.999399999999999977e+01,9.995000000000000284e+01
0.000000000000000000e+00,0.000000000000000000e+00,0.000000000000000000e+00,8.400000000000000522e-02,-0.000000000000000000e+00,-0.000000000000000000e+00,8.400000000000000522e-02,1.000000000000000000e+00,-7.000000000000000146e-03,0.000000000000000000e+00,0.000000000000000000e+00,-0.000000000000000000e+00,8.400000000000000522e-02,1.000000000000000000e+00,-8.999999999999999320e-03,-1.000000000000000021e-03,0.000000000000000000e+00,0.000000000000000000e+00,0.000000000000000000e+00,8.400000000000000522e-02,9.999399999999999977e+01,9.994400000000000261e+01
0.000000000000000000e+00,0.000000000000000000e+00,0.000000000000000000e+00,8.500000000000000611e-02,-0.000000000000000000e+00,0.000000000000000000e+00,8.500000000000000611e-02,1.000000000000000000e+00,-6.000000000000000125e-03,1.000000000000000021e-03,0.000000000000000000e+00,0.000000000000000000e+00,8.500000000000000611e-02,1.000000000000000000e+00,-8.999999999999999320e-03,-2.000000000000000042e-03,0.000000000000000000e+00,0.000000000000000000e+00,0.000000000000000000e+00,8.500000000000000611e-02,9.999399999999999977e+01,9.994599999999999795e+01
0.000000000000000000e+00,0.000000000000000000e+00,0.000000000000000000e+00,8.599999999999999312e-02,-0.000000000000000000e+00,-0.000000000000000000e+00,8.599999999999999312e-02,1.000000000000000000e+00,-6.000000000000000125e-03,1.000000000000000021e-03,0.000000000000000000e+00,0.000000000000000000e+00,8.599999999999999312e-02,1.000000000000000000e+00,-8.000000000000000167e-03,-1.000000000000000021e-03,0.000000000000000000e+00,0.000000000000000000e+00,0.000000000000000000e+00,8.599999999999999312e-02,9.999299999999999500e+01,9.994599999999999795e+01
0.000000000000000000e+00,0.000000000000000000e+00,0.000000000000000000e+00,8.699999999999999400e-02,-0.000000000000000000e+00,-0.000000000000000000e+00,8.699999999999999400e-02,1.000000000000000000e+00,-7.000000000000000146e-03,0.000000000000000000e+00,0.000000000000000000e+00,-0.000000000000000000e+00,8.699999999999999400e-02,1.000000000000000000e+00,-8.999999999999999320e-03,-0.000000000000000000e+00,0.000000000000000000e+00,0.000000000000000000e+00,0.000000000000000000e+00,8.699999999999999400e-02,9.999399999999999977e+01,9.994799999999999329e+01
0.000000000000000000e+00,0.000000000000000000e+00,0.000000000000000000e+00,8.799999999999999489e-02,0.000000000000000000e+00,0.000000000000000000e+00,8.799999999999999489e-02,1.000000000000000000e+00,-7.000000000000000146e-03,-0.000000000000000000e+00,0.000000000000000000e+00,-0.000000000000000000e+00,8.799999999999999489e-02,1.000000000000000000e+00,-8.000000000000000167e-03,-1.000000000000000021e-03,0.000000000000000000e+00,0.000000000000000000e+00,0.000000000000000000e+00,8.799999999999999489e-02,9.999399999999999977e+01,9.994899999999999807e+01
0.000000000000000000e+00,0.000000000000000000e+00,0.000000000000000000e+00,8.899999999999999578e-02,-0.000000000000000000e+00,0.000000000000000000e+00,8.899999999999999578e-02,1.000000000000000000e+00,-7.000000000000000146e-03,0.000000000000000000e+00,0.000000000000000000e+00,-0.000000000000000000e+00,8.899999999999999578e-02,1.000000000000000000e+00,-8.000000000000000167e-03,-0.000000000000000000e+00,0.000000000000000000e+00,0.000000000000000000e+00,0.000000000000000000e+00,8.899999999999999578e-02,9.999500000000000455e+01,9.994599999999999795e+01
0.000000000000000000e+00,0.000000000000000000e+00,0.000000000000000000e+00,0.000000000000000000e+00,0.000000000000000000e+00,0.000000000000000000e+00,0.000000000000000000e+00,0.000000000000000000e+00,0.000000000000000000e+00,0.000000000000000000e+00,0.000000000000000000e+00,0.000000000000000000e+00,0.000000000000000000e+00,0.000000000000000000e+00,0.000000000000000000e+00,0.000000000000000000e+00,0.000000000000000000e+00,0.000000000000000000e+00,0.000000000000000000e+00,0.000000000000000000e+00,0.000000000000000000e+00,0.000000000000000000e+00
